x,y
-92039,-247228.69
-30938,-81644.98
-51521,-137424.91
98762,269842.02
-19226,-49905.46
-72461,-194172.31
22502,63177.42
20451,57619.21
71227,195222.17
-28237,-74325.27
38505,106545.55
20994,59090.74
-2259,-3924.89
-77208,-207036.68
55724,153209.04
22051,61955.21
-35118,-92972.78
-77539,-207933.69
-29937,-78932.27
-87245,-234236.95
-84537,-226898.27
-631,486.99
-16927,-43675.17
-60351,-161354.21
-64424,-172392.04
81206,222265.26
-54768,-146224.28
-76491,-205093.61
69206,189745.26
-26398,-69341.58
37859,104794.89
28427,79234.17
55197,151780.87
-78710,-211107.1
17835,50529.85
13336,38337.56
-3461,-7182.31
-99990,-268775.9
55224,151854.04
-12379,-31350.09
-59648,-159449.08
-6328,-14951.88
-10635,-26623.85
-12957,-32916.47
-40697,-108091.87
72547,198799.37
-54041,-144254.11
77052,211007.92
7572,22717.12
-45997,-122454.87
39319,108751.49
1562,6430.02
52735,145108.85
-25412,-66669.52
-76350,-204711.5
71234,195241.14
-43590,-115931.9
20937,58936.27
-17974,-46512.54
-84045,-225564.95
49274,135729.54
-8760,-21542.6
14711,42063.81
23081,64746.51
51887,142810.77
-98696,-265269.16
9207,27147.97
-78892,-211600.32
-47494,-126511.74
-59375,-158709.25
-67687,-181234.77
2329,8508.59
53652,147593.92
-89575,-240551.25
-66533,-178107.43
50925,140203.75
-96462,-259215.02
-89725,-240957.75
-98567,-264919.57
-30382,-80138.22
-95288,-256033.48
-92552,-248618.92
77432,212037.72
-54507,-145516.97
45279,124903.09
85770,234633.7
30384,84537.64
77340,211788.4
-17481,-45176.51
79677,218121.67
-80932,-217128.72
87692,239842.32
-80101,-214876.71
47319,130431.49
56986,156629.06
-36318,-96224.78
89653,245156.63
12773,36811.83
39470,109160.7
-10042,-25016.82
12611,36372.81
-50776,-135405.96
39695,109770.45
-89318,-239854.78
4149,13440.79
-38536,-102235.56
74937,205276.27
62055,170366.05
93221,254825.91
-60983,-163066.93
20366,57388.86
99722,272443.62
-19656,-51070.76
-84645,-227190.95
-65870,-176310.7
14856,42456.76
-86940,-233410.4
41423,114453.33
-94676,-254374.96
-41966,-111530.86
2601,9245.71
-78135,-209548.85
88898,243110.58
77632,212579.72
34891,96751.61
-4246,-9309.66
-78116,-209497.36
56085,154187.35
-27192,-71493.32
-91034,-244505.14
38112,105480.52
-42035,-111717.85
14563,41662.73
65060,178509.6
-94764,-254613.44
22150,62223.5
-36737,-97360.27
-304,1373.16
-75290,-201838.9
-12042,-30436.82
10618,30971.78
4784,15161.64
13419,38562.49
74656,204514.76
-57783,-154394.93
-86886,-233264.06
80886,221398.06
-45958,-122349.18
40748,112624.08
-30326,-79986.46
87116,238281.36
-76638,-205491.98
55566,152780.86
-50957,-135896.47
34254,95025.34
-24693,-64721.03
18597,52594.87
99393,271552.03
-92229,-247743.59
-30445,-80308.95
-821,-27.91
-29169,-76850.99
4484,14348.64
13184,37925.64
58207,159937.97
96059,262516.89
70525,193319.75
65248,179019.08
21167,59559.57
-4451,-9865.21
55776,153349.96
-46906,-124918.26
-97167,-261125.57
-71233,-190844.43
96410,263468.1
66728,183029.88
21864,61448.44
41433,114480.43
-97640,-262407.4
46531,128296.01
-71113,-190519.23
87958,240563.18
89697,245275.87
-81652,-219079.92
-42338,-112538.98
44426,122591.46
79885,218685.35
85101,232820.71
-29835,-78655.85
53108,146119.68
90490,247424.9
18201,51521.71
-36756,-97411.76
-39225,-104102.75
-5195,-11881.45
42825,118252.75
-99284,-266862.64
-89427,-240150.17
-22720,-59374.2
-23948,-62702.08
-39815,-105701.65
-77097,-206735.87
99204,271039.84
-56970,-152191.7
82055,224566.05
80686,220856.06
-46509,-123842.39
-68772,-184175.12
64193,176160.03
-89006,-239009.26
-41875,-111284.25
60006,164813.26
47193,130090.03
26755,74703.05
-64447,-172454.37
-93296,-250635.16
87587,239557.77
26417,73787.07
-48859,-130210.89
-21509,-56092.39
-67882,-181763.22
-31948,-84382.08
18043,51093.53
-18221,-47181.91
-88911,-238751.81
-27457,-72211.47
-49614,-132256.94
-76502,-205123.42
-44998,-119747.58
-7718,-18718.78
-3803,-8109.13
86470,236530.7
35521,98458.91
-65306,-174782.26
7967,23787.57
54160,148970.6
11362,32988.02
-72381,-193955.51
-56628,-151264.88
60383,165834.93
28627,79776.17
-38239,-101430.69
80317,219856.07
21658,60890.18
-99882,-268483.22
51893,142827.03
15021,42903.91
-94629,-254247.59
-80674,-216429.54
-71926,-192722.46
49498,136336.58
-24626,-64539.46
-12971,-32954.41
77833,213124.43
3858,12652.18
-98257,-264079.47
-54541,-145609.11
-87984,-236239.64
-84242,-226098.82
23391,65586.61
-44855,-119360.05
-25121,-65880.91
87727,239937.17
-87142,-233957.82
41992,115995.32
-76235,-204399.85
-45244,-120414.24
59670,163902.7
65445,179552.95
73601,201655.71
26053,72800.63
-51633,-137728.43
30340,84418.4
-87366,-234564.86
-82004,-220033.84
36938,102298.98
34718,96282.78
58845,161666.95
-73018,-195681.78
83493,228463.03
-40880,-108587.8
97534,266514.14
96860,264687.6
13979,40080.09
46532,128298.72
-47298,-125980.58
12983,37380.93
67255,184458.05
-92541,-248589.11
-6145,-14455.95
84355,230799.05
-59974,-160332.54
29123,81120.33
-69644,-186538.24
60948,167366.08
32061,89082.31
94613,258598.23
-91074,-244613.54
82469,225687.99
-79326,-212776.46
-60167,-160855.57
-17209,-44439.39
31660,87995.6
-59206,-158251.26
83520,228536.2
86482,236563.22
-79655,-213668.05
93093,254479.03
8791,26020.61
-7766,-18848.86
-14283,-36509.93
96789,264495.19
-82841,-222302.11
-99433,-267266.43
21825,61342.75
-7428,-17932.88
-94631,-254253.01
-55000,-146853.0
-96401,-259049.71
94246,257603.66
32639,90648.69
-70486,-188820.06
49207,135547.97
20945,58957.95
-10027,-24976.17
-85757,-230204.47
-97289,-261456.19
-5910,-13819.1
-92188,-247632.48
-98382,-264418.22
66067,181238.57
-11266,-28333.86
-99044,-266212.24
-50154,-133720.34
-53300,-142246.0
24780,69350.8
-68635,-183803.85
-44138,-117416.98
4143,13424.53
63601,174555.71
96418,263489.78
-96783,-260084.93
-2705,-5133.55
57057,156821.47
-808,7.32
34919,96827.49
89575,244945.25
33121,91954.91
-75700,-202950.0
55364,152233.44
44569,122978.99
-74807,-200529.97
36470,101030.7
-40503,-107566.13
-76331,-204660.01
-53480,-142733.8
81999,224414.29
-39152,-103904.92
43094,118981.74
21858,61432.18
92874,253885.54
1502,6267.42
68936,189013.56
23090,64770.9
-59186,-158197.06
98218,268367.78
-38884,-103178.64
85742,234557.82
54047,148664.37
-88211,-236854.81
92598,253137.58
-14417,-36873.07
-86685,-232719.35
-74141,-198725.11
-63447,-169744.37
35484,98358.64
60150,165203.5
71374,195620.54
-3716,-7873.36
-15751,-40488.21
-13164,-33477.44
12344,35649.24
80962,221604.02
57624,158358.04
50459,138940.89
17149,48670.79
-42365,-112612.15
48656,134054.76
-17447,-45084.37
60486,166114.06
23684,66380.64
73635,201747.85
-42071,-111815.41
10214,29876.94
-61719,-165061.49
98758,269831.18
-98220,-263979.2
87578,239533.38
71239,195254.69
161,2633.31
-87534,-235020.14
-86951,-233440.21
-29286,-77168.06
-85129,-228502.59
-90633,-243418.43
-19649,-51051.79
88426,241831.46
88308,241511.68
-5535,-12802.85
-15778,-40561.38
30436,84678.56
-3388,-6984.48
-86725,-232827.75
-89237,-239635.27
88955,243265.05
35698,98938.58
66096,181317.16
69202,189734.42
29451,82009.21
59645,163834.95
-23402,-61222.42
-23254,-60821.34
-96552,-259458.92
98740,269782.4
69515,190582.65
18051,51115.21
-67037,-179473.27
1820,7129.2
-20895,-54428.45
-1932,-3038.72
-98773,-265477.83
98305,268603.55
13121,37754.91
50178,138179.38
-69562,-186316.02
40967,113217.57
-69740,-186798.4
26744,74673.24
-62597,-167440.87
55088,151485.48
35210,97616.1
1995,7603.45
43895,121152.45
-52030,-138804.3
83227,227742.17
53930,148347.3
-94137,-252914.27
5244,16408.24
53068,146011.28
-26604,-69899.84
55851,153553.21
-31275,-82558.25
31665,88009.15
68728,188449.88
-38326,-101666.46
-55174,-147324.54
-62117,-166140.07
92214,252096.94
999,4904.29
82325,225297.75
-24213,-63420.23
-50923,-135804.33
6145,18849.95
74591,204338.61
95444,260850.24
76150,208563.5
15722,44803.62
89224,243994.04
-28006,-73699.26
25202,70494.42
-4723,-10602.33
-67296,-180175.16
-84519,-226849.49
-12685,-32179.35
69631,190897.01
11183,32502.93
-99317,-266952.07
86799,237422.29
98704,269684.84
55384,152287.64
-2726,-5190.46
-18092,-46832.32
-21678,-56550.38
-23260,-60837.6
-54873,-146508.83
-94501,-253900.71
27201,75911.71
-87668,-235383.28
-81869,-219667.99
-79216,-212478.36
54971,151168.41
54041,148648.11
-46205,-123018.55
71200,195149.0
79011,216316.81
31309,87044.39
-28212,-74257.52
-89945,-241553.95
8531,25316.01
-2351,-4174.21
44968,124060.28
90094,246351.74
-48068,-128067.28
25053,70090.63
-55423,-147999.33
-42757,-113674.47
7149,21570.79
-38366,-101774.86
90869,248451.99
-62851,-168129.21
-66058,-176820.18
-95383,-256290.93
-43013,-114368.23
22159,62247.89
31768,88288.28
94867,259286.57
-84930,-227963.3
-20215,-52585.65
-99326,-266976.46
-99164,-266537.44
29169,81244.99
-76344,-204695.24
58471,160653.41
91884,251202.64
-38214,-101362.94
46331,127754.01
-41627,-110612.17
65613,180008.23
-83809,-224925.39
-32968,-87146.28
-90366,-242694.86
8766,25952.86
4369,14036.99
-4137,-9014.27
-54550,-145633.5
-63347,-169473.37
26041,72768.11
32177,89396.67
-92711,-249049.81
21213,59684.23
18527,52405.17
69012,189219.52
-14072,-35938.12
-11881,-30000.51
-30743,-81116.53
28282,78841.22
28993,80768.03
-9489,-23518.19
-66564,-178191.44
43409,119835.39
-29492,-77726.32
-18676,-48414.96
-17097,-44135.87
-74726,-200310.46
-41106,-109200.26
-27102,-71249.42
-26976,-70907.96
32383,89954.93
45086,124380.06
-17440,-45065.4
62443,171417.53
58230,160000.3
-51085,-136243.35
-29732,-78376.72
-36259,-96064.89
-38820,-103005.2
-98951,-265960.21
55414,152368.94
28527,79505.17
-24717,-64786.07
92413,252636.23
-93764,-251903.44
19739,55689.69
15308,43681.68
79648,218043.08
-14061,-35908.31
-22425,-58574.75
-38430,-101948.3
-33335,-88140.85
50404,138791.84
-68535,-183532.85
-58267,-155706.57
-29813,-78596.23
-80804,-216781.84
-83978,-225383.38
80241,219650.11
58852,161685.92
11340,32928.4
7286,21942.06
28455,79310.05
30485,84811.35
94594,258546.74
63119,173249.49
-23831,-62385.01
-85942,-230705.82
9748,28614.08
94192,257457.32
8372,24885.12
-2361,-4201.31
4760,15096.6
-48711,-129809.81
-25026,-65623.46
13395,38497.45
-46643,-124205.53
-4388,-9694.48
-71372,-191221.12
-60301,-161218.71
-93592,-251437.32
-51952,-138592.92
46931,129380.01
-89549,-240480.79
8487,25196.77
26839,74930.69
-65613,-175614.23
-66667,-178470.57
19917,56172.07
-24696,-64729.16
-7214,-17352.94
25678,71784.38
17288,49047.48
-1567,-2049.57
95479,260945.09
-42186,-112127.06
-82849,-222323.79
-92927,-249635.17
19373,54697.83
61634,169225.14
7036,21264.56
78324,214455.04
-12282,-31087.22
35831,99299.01
35792,99193.32
-34121,-90270.91
-79203,-212443.13
43307,119558.97
-58420,-156121.2
84493,231173.03
-53460,-142679.6
37600,104093.0
-5997,-14054.87
85655,234322.05
-476,907.04
98057,267931.47
-53330,-142327.3
-21150,-55119.5
-38296,-101585.16
-90085,-241933.35
-89948,-241562.08
56530,155393.3
32226,89529.46
-25204,-66105.84
-35331,-93550.01
-7660,-18561.6
91127,249151.17
56201,154501.71
62082,170439.22
47629,131271.59
83643,228869.53
85004,232557.84
79070,216476.7
-16977,-43810.67
28470,79350.7
-90617,-243375.07
81297,222511.87
52887,145520.77
-91752,-246450.92
51095,140664.45
98361,268755.31
-67186,-179877.06
-18383,-47620.93
93194,254752.74
-49876,-132966.96
1140,5286.4
61864,169848.44
-39461,-104742.31
-60693,-162281.03
-31817,-84027.07
3478,11622.38
46413,127976.23
64909,178100.39
-21879,-57095.09
-4019,-8694.49
-85285,-228925.35
-73802,-197806.42
79707,218202.97
-18223,-47187.33
-10714,-26837.94
77290,211652.9
43298,119534.58
-69413,-185912.23
72341,198241.11
91718,250752.78
-65952,-176532.92
71339,195525.69
-79120,-212218.2
-30,2115.7
-38158,-101211.18
27167,75819.57
-89281,-239754.51
-65361,-174931.31
-2163,-3664.73
-91973,-247049.83
10231,29923.01
-24925,-65349.75
-17201,-44417.71
15376,43865.96
-19860,-51623.6
-7136,-17141.56
74700,204634.0
-85219,-228746.49
72295,198116.45
2394,8684.74
-18478,-47878.38
99358,271457.18
18351,51928.21
16636,47280.56
-44860,-119373.6
-67473,-180654.83
-65778,-176061.38
27438,76553.98
7695,23050.45
-57044,-152392.24
82772,226509.12
-42310,-112463.1
59637,163813.27
-22450,-58642.5
57157,157092.47
13183,37922.93
-77256,-207166.76
63773,175021.83
-90287,-242480.77
49713,136919.23
66366,182048.86
-95867,-257602.57
-18370,-47585.7
91646,250557.66
76172,208623.12
-98965,-265998.15
93263,254939.73
19024,53752.04
53216,146412.36
38430,106342.3
-73924,-198137.04
-90161,-242139.31
28709,79998.39
11741,34015.11
71975,197249.25
78933,216105.43
-12445,-31528.95
71516,196005.36
2272,8354.12
-44534,-118490.14
-23786,-62263.06
-49181,-131083.51
24044,67356.24
-65307,-174784.97
-54588,-145736.48
-28869,-76037.99
42271,116751.41
-44184,-117541.64
55163,151688.73
-16457,-42401.47
-60355,-161365.05
29464,82044.44
-70382,-188538.22
47871,131927.41
-83655,-224508.05
-59221,-158291.91
22693,63695.03
44285,122209.35
98548,269262.08
78873,215942.83
-2808,-5412.68
36583,101336.93
94350,257885.5
41375,114323.25
-78744,-211199.24
-12196,-30854.16
-34459,-91186.89
-1673,-2336.83
6798,20619.58
-75709,-202974.39
72267,198040.57
-66193,-177186.03
72255,198008.05
74015,202777.65
-51452,-137237.92
94148,257338.08
62287,170994.77
63406,174027.26
74522,204151.62
-57468,-153541.28
-72349,-193868.79
88944,243235.24
90829,248343.59
79768,218368.28
-89806,-241177.26
-87677,-235407.67
60547,166279.37
-60441,-161598.11
93906,256682.26
-81207,-217873.97
99667,272294.57
-31180,-82300.8
56058,154114.18
-84084,-225670.64
41600,114933.0
-48647,-129636.37
-99900,-268532.0
42368,117014.28
1479,6205.09
95792,261793.32
1355,5869.05
-21297,-55517.87
8786,26007.06
-74826,-200581.46
-71939,-192757.69
-41545,-110389.95
-73181,-196123.51
-34639,-91674.69
70832,194151.72
14884,42532.64
16927,48069.17
1415,6031.65
91453,250034.63
47447,130778.37
-75551,-202546.21
-72825,-195158.75
9271,27321.41
2773,9711.83
-29400,-77477.0
-31270,-82544.7
-42455,-112856.05
-63494,-169871.74
78889,215986.19
-68725,-184047.75
26364,73643.44
-67264,-180088.44
-3371,-6938.41
-50162,-133742.02
-86773,-232957.83
53677,147661.67
-21612,-56371.52
79014,216324.94
8371,24882.41
-26815,-70471.65
23217,65115.07
-78144,-209573.24
35504,98412.84
-38498,-102132.58
62322,171089.62
42565,117548.15
-23926,-62642.46
98462,269029.02
27543,76838.53
24369,68236.99
-63011,-168562.81
-48350,-128831.5
46485,128171.35
86931,237780.01
94652,258703.92
80270,219728.7
66471,182333.41
-93203,-250383.13
17245,48930.95
-25855,-67870.05
60662,166591.02
13131,37782.01
93280,254985.8
-8452,-20707.92
48238,132921.98
-72537,-194378.27
88208,241240.68
72609,198967.39
92171,251980.41
-18654,-48355.34
39317,108746.07
19129,54036.59
-89149,-239396.79
-51099,-136281.29
-25395,-66623.45
-586,608.94
20045,56518.95
-83688,-224597.48
-64613,-172904.23
28652,79843.92
54544,150011.24
20206,56955.26
51687,142268.77
20604,58033.84
16545,47033.95
-25553,-67051.63
11419,33142.49
96499,263709.29
-13930,-35553.3
-4321,-9512.91
54747,150561.37
-13616,-34702.36
81150,222113.5
-83261,-223440.31
-32880,-86907.8
93382,255262.22
-95539,-256713.69
-31799,-83978.29
8789,26015.19
21087,59342.77
-39181,-103983.51
-97540,-262136.4
-98100,-263654.0
37109,102762.39
-41422,-110056.62
60080,165013.8
77507,212240.97
9673,28410.83
-56194,-150088.74
-88961,-238887.31
98343,268706.53
59058,162244.18
30950,86071.5
43143,119114.53
70683,193747.93
53063,145997.73
-77284,-207242.64
-78458,-210424.18
-83646,-224483.66
-23459,-61376.89
14653,41906.63
82812,226617.52
66784,183181.64
22903,64264.13
88514,242069.94
29091,81033.61
-17954,-46458.34
15048,42977.08
-66844,-178950.24
-9071,-22385.41
-86723,-232822.33
42250,116694.5
-84955,-228031.05
-3340,-6854.4
71319,195471.49
47420,130705.2
24993,69928.03
-60630,-162110.3
-18949,-49154.79
67966,186384.86
-74263,-199055.73
93952,256806.92
64557,177146.47
-5532,-12794.72
61627,169206.17
-24643,-64585.53
-47107,-125462.97
-29877,-78769.67
-17064,-44046.44
10186,29801.06
5572,17297.12
-73455,-196866.05
69423,190333.33
94780,259050.8
7029,21245.59
98311,268619.81
80869,221351.99
-73292,-196424.32
-40414,-107324.94
858,4522.18
-34313,-90791.23
51879,142789.09
26007,72675.97
93516,255625.36
8435,25055.85
-71114,-190521.94
87448,239181.08
49834,137247.14
-29424,-77542.04
1077,5115.67
94185,257438.35
-72621,-194605.91
-83671,-224551.41
51059,140566.89
-75590,-202651.9
-71381,-191245.51
15823,45077.33
-15449,-39669.79
-43506,-115704.26
-664,397.56
-65960,-176554.6
4093,13289.03
-24407,-63945.97
-50100,-133574.0
10741,31305.11
11852,34315.92
-81044,-217432.24
53233,146458.43
51727,142377.17
58237,160019.27
32545,90393.95
-2669,-5035.99
83168,227582.28
-5504,-12718.84
-26265,-68981.15
10491,30627.61
-5610,-13006.1
-34101,-90216.71
76040,208265.4
-54951,-146720.21
14216,40722.36
-92465,-248383.15
92060,251679.6
-48153,-128297.63
11410,33118.1
-94931,-255066.01
77120,211192.2
-50850,-135606.5
38294,105973.74
-3011,-5962.81
-14113,-36049.23
70250,192574.5
73149,200430.79
14966,42754.86
-50899,-135739.29
62907,172674.97
-88220,-236879.2
-48751,-129918.21
81772,223799.12
-79322,-212765.62
69505,190555.55
86114,235565.94
85909,235010.39
-78252,-209865.92
-16441,-42358.11
77794,213018.74
90114,246405.94
854,4511.34
41514,114699.94
86532,236698.72
-50502,-134663.42
93541,255693.11
74676,204568.96
93933,256755.43
9605,28226.55
40088,110835.48
-17076,-44078.96
40246,111263.66
78678,215414.38
-67869,-181727.99
92218,252107.78
-26641,-70000.11
-76340,-204684.4
69034,189279.14
32693,90795.03
52628,144818.88
-242,1541.18
-3414,-7054.94
32829,91163.59
80065,219173.15
-44113,-117349.23
-68748,-184110.08
88984,243343.64
-98434,-264559.14
72161,197753.31
61921,170002.91
49707,136902.97
-42336,-112533.56
15194,43372.74
58801,161547.71
83922,229625.62
-84658,-227226.18
83412,228243.52
-86498,-232212.58
-78781,-211299.51
-15303,-39274.13
43091,118973.61
-93531,-251272.01
23353,65483.63
62368,171214.28
67107,184056.97
-47542,-126641.82
-88176,-236759.96
-56431,-150731.01
54462,149789.02
-62008,-165844.68
39335,108794.85
-79382,-212928.22
13652,39193.92
26527,74085.17
-39763,-105560.73
-30792,-81249.32
55758,153301.18
-72106,-193210.26
-34646,-91693.66
84359,230809.89
99841,272766.11
-1942,-3065.82
-58800,-157151.0
23922,67025.62
-10478,-26198.38
90705,248007.55
73140,200406.4
-96731,-259944.01
22534,63264.14
-97520,-262082.2
50367,138691.57
-74565,-199874.15
48188,132786.48
-79389,-212947.19
60231,165423.01
37754,104510.34
33292,92418.32
-77719,-208421.49
88645,242424.95
-21143,-55100.53
-24069,-63029.99
-63991,-171218.61
81065,221883.15
-23065,-60309.15
95179,260132.09
-84047,-225570.37
-88765,-238356.15
87506,239338.26
-40485,-107517.35
98363,268760.73
48993,134968.03
-22264,-58138.44
65861,180680.31
-92306,-247952.26
52494,144455.74
-17680,-45715.8
-65110,-174251.1
1072,5102.12
-83105,-223017.55
-18094,-46837.74
70747,193921.37
-56113,-149869.23
-28062,-73851.02
42845,118306.95
-90769,-243786.99
-39605,-105132.55
-55225,-147462.75
53003,145835.13
-74173,-198811.83
31124,86543.04
-80551,-216096.21
509,3576.39
86797,237416.87
-3719,-7881.49
-63639,-170264.69
-58418,-156115.78
-17082,-44095.22
-26316,-69119.36
12138,35090.98
-23540,-61596.4
68297,187281.87
77555,212371.05
72656,199094.76
-70798,-189665.58
28459,79320.89
42932,118542.72
-36735,-97354.85
35693,98925.03
-54378,-145167.38
81796,223864.16
81606,223349.26
-43363,-115316.73
89699,245281.29
20189,56909.19
-82119,-220345.49
3054,10473.34
46597,128474.87
-45054,-119899.34
-58810,-157178.1
-36231,-95989.01
-90029,-241781.59
-34773,-92037.83
87408,239072.68
-52176,-139199.96
-47603,-126807.13
76340,209078.4
72314,198167.94
14325,41017.75
-38111,-101083.81
31563,87732.73
-22333,-58325.43
51096,140667.16
-31230,-82436.3
60905,167249.55
-88270,-237014.7
42120,116342.2
-40879,-108585.09
9596,28202.16
-47087,-125408.77
-49859,-132920.89
94300,257750.0
-55127,-147197.17
-23981,-62791.51
56919,156447.49
20720,58348.2
42063,116187.73
-84600,-227069.0
-46429,-123625.59
-71394,-191280.74
72300,198130.0
31609,87857.39
2893,10037.03
-22861,-59756.31
52751,145152.21
-58282,-155747.22
29253,81472.63
47364,130553.44
-52944,-141281.24
-44493,-118379.03
-60317,-161262.07
67441,184962.11
-13766,-35108.86
13742,39437.82
89950,245961.5
-57363,-153256.73
-45209,-120319.39
33151,92036.21
83692,229002.32
34471,95613.41
-27157,-71398.47
33594,93236.74
-74490,-199670.9
-19459,-50536.89
69301,190002.71
53357,146794.47
-41971,-111544.41
-50725,-135267.75
-33411,-88346.81
95368,260644.28
16889,47966.19
-89890,-241404.9
47344,130499.24
-14738,-37742.98
-1677,-2347.67
49058,135144.18
73229,200647.59
18379,52004.09
-83247,-223402.37
35329,97938.59
-21111,-55013.81
-90834,-243963.14
50860,140027.6
-97393,-261738.03
7131,21522.01
78850,215880.5
-7686,-18632.06
53599,147450.29
-18666,-48387.86
-54327,-145029.17
41635,115027.85
92766,253592.86
99086,270720.06
69273,189926.83
-48349,-128828.79
-89027,-239066.17
56422,155100.62
-63931,-171056.01
64873,178002.83
14618,41811.78
-46296,-123265.16
-20105,-52287.55
10755,31343.05
40323,111472.33
-33607,-88877.97
96992,265045.32
81524,223127.04
-17958,-46469.18
-78187,-209689.77
64882,178027.22
-10480,-26203.8
29538,82244.98
-81122,-217643.62
-65245,-174616.95
-46937,-125002.27
-30039,-79208.69
-46454,-123693.34
-89004,-239003.84
69351,190138.21
3833,12584.43
-9873,-24558.83
30637,85223.27
57708,158585.68
87096,238227.16
-22970,-60051.7
87569,239508.99
10072,29492.12
-69467,-186058.57
-35180,-93140.8
-918,-290.78
-58625,-156676.75
24670,69052.7
-89724,-240955.04
-84071,-225635.41
-59328,-158581.88
88556,242183.76
34639,96068.69
-80593,-216210.03
-68656,-183860.76
20009,56421.39
80269,219725.99
-97987,-263347.77
40961,113201.31
74845,205026.95
53435,147005.85
62219,170810.49
78546,215056.66
20086,56630.06
26057,72811.47
65754,180390.34
-31821,-84037.91
-48531,-129322.01
-78654,-210955.34
-3815,-8141.65
96643,264099.53
27155,75787.05
-78113,-209489.23
69955,191775.05
75760,207506.6
79689,218154.19
81967,224327.57
9930,29107.3
44367,122431.57
10642,31036.82
48555,133781.05
66841,183336.11
-54657,-145923.47
-48438,-129069.98
-63650,-170294.5
20029,56475.59
52059,143276.89
69240,189837.4
24076,67442.96
-75615,-202719.65
-44102,-117319.42
51760,142466.6
12848,37015.08
-87843,-235857.53
-89797,-241152.87
36483,101065.93
-16843,-43447.53
72398,198395.58
-26267,-68986.57
-54478,-145438.38
85473,233828.83
-9812,-24393.52
-13935,-35566.85
-79039,-211998.69
-40857,-108525.47
-96326,-258846.46
-69060,-184955.6
-69777,-186898.67
-71372,-191221.12
-15977,-41100.67
-48130,-128235.3
-13483,-34341.93
-72694,-194803.74
104,2478.84
-49949,-133164.79
-54760,-146202.6
73879,202409.09
32880,91301.8
-53156,-141855.76
22177,62296.67
-74293,-199137.03
-98042,-263496.82
81143,222094.53
38642,106916.82
-38071,-100975.41
82352,225370.92
-98102,-263659.42
-33324,-88111.04
-43805,-116514.55
-2431,-4391.01
5188,16256.48
8420,25015.2
46917,129342.07
-71437,-191397.27
-82524,-221443.04
-89207,-239553.97
17355,49229.05
83497,228473.87
70261,192604.31
-14986,-38415.06
89600,245013.0
19987,56361.77
-48393,-128948.03
-18363,-47566.73
-94829,-254789.59
12777,36822.67
-82483,-221331.93
-59660,-159481.6
42576,117577.96
-93554,-251334.34
11909,34470.39
94538,258394.98
22969,64442.99
-47683,-127023.93
-22373,-58433.83
-77073,-206670.83
77831,213119.01
68358,187447.18
27251,76047.21
-23333,-61035.43
86527,236685.17
-15800,-40621.0
15888,45253.48
-63829,-170779.59
-26984,-70929.64
-83353,-223689.63
79168,216742.28
-68831,-184335.01
83625,228820.75
-45785,-121880.35
-62369,-166822.99
84081,230056.51
84659,231622.89
88821,242901.91
-23601,-61761.71
13922,39925.62
-49973,-133229.83
55439,152436.69
-5244,-12014.24
-38341,-101707.11
-80195,-215131.45
-17441,-45068.11
-6528,-15493.88
-50992,-135991.32
9835,28849.85
80774,221094.54
72224,197924.04
-4635,-10363.85
98986,270449.06
49824,137220.04
56363,154940.73
32358,89887.18
-29463,-77647.73
75388,206498.48
48573,133829.83
-10756,-26951.76
79322,217159.62
-99787,-268225.77
93086,254460.06
-41971,-111544.41
-49242,-131248.82
60703,166702.13
-1323,-1388.33
76624,209848.04
-64538,-172700.98
-70397,-188578.87
74607,204381.97
-60790,-162543.9
74817,204951.07
-46377,-123484.67
56007,153975.97
17107,48556.97
-21774,-56810.54
25079,70161.09
-28486,-75000.06
99522,271901.62
51899,142843.29
-67591,-180974.61
36828,102000.88
-41333,-109815.43
60175,165271.25
-98879,-265765.09
33802,93800.42
92013,251552.23
36678,101594.38
81700,223604.0
-48589,-129479.19
48258,132976.18
96809,264549.39
58771,161466.41
30286,84272.06
78632,215289.72
-38559,-102297.89
-37336,-98983.56
-16062,-41331.02
-3043,-6049.53
88973,243313.83
-41610,-110566.1
33987,94301.77
37681,104312.51
85157,232972.47
-20777,-54108.67
17891,50681.61
-82077,-220231.67
-12259,-31024.89
-98464,-264640.44
-32037,-84623.27
-91358,-245383.18
39323,108762.33
6399,19538.29
-17572,-45423.12
2699,9511.29
-52247,-139392.37
-60566,-161936.86
14210,40706.1
53828,148070.88
51863,142745.73
-26876,-70636.96
44273,122176.83
-383,1159.07
-63183,-169028.93
30331,84394.01
-60658,-162186.18
27272,76104.12
-67050,-179508.5
-17257,-44569.47
-63945,-171093.95
-78474,-210467.54
84430,231002.3
90726,248064.46
94427,258094.17
79122,216617.62
-46361,-123441.31
-47949,-127744.79
31650,87968.5
31833,88464.43
-1141,-895.11
2119,7939.49
-22991,-60108.61
95453,260874.63
-92475,-248410.25
37108,102759.68
-40973,-108839.83
-7412,-17889.52
-34695,-91826.45
16465,46817.15
31540,87670.4
-87214,-234152.94
67427,184924.17
50578,139263.38
-95725,-257217.75
-99968,-268716.28
-91809,-246605.39
72866,199663.86
50673,139520.83
81691,223579.61
-89134,-239356.14
33075,91830.25
44519,122843.49
89699,245281.29
-13509,-34412.39
5634,17465.14
-22446,-58631.66
68797,188636.87
33277,92377.67
-41330,-109807.3
-45804,-121931.84
55500,152602.0
72797,199476.87
67438,184953.98
47378,130591.38
46813,129060.23
-67793,-181522.03
97708,266985.68
-85958,-230749.18
3668,12137.28
-15338,-39368.98
-81438,-218499.98
-60090,-160646.9
-93588,-251426.48
15106,43134.26
-85215,-228735.65
-98683,-265233.93
-3740,-7938.4
-61846,-165405.66
87365,238956.15
99094,270741.74
6396,19530.16
75426,206601.46
-57563,-153798.73
40289,111380.19
52729,145092.59
-35030,-92734.3
-2596,-4838.16
12582,36294.22
22871,64177.41
-76410,-204874.1
37063,102637.73
-26662,-70057.02
-1078,-724.38
32735,90908.85
-46510,-123845.1
-11785,-29740.35
32735,90908.85
-65209,-174519.39
-2175,-3697.25
95373,260657.83
-37869,-100427.99
85146,232942.66
-86282,-231627.22
44940,123984.4
-36497,-96709.87
70533,193341.43
-50884,-135698.64
-14994,-38436.74
-7619,-18450.49
-65463,-175207.73
60953,167379.63
56597,155574.87
-28241,-74336.11
-24579,-64412.09
64897,178067.87
95585,261232.35
-54314,-144993.94
-73383,-196670.93
94856,259256.76
39778,109995.38
-6244,-14724.24
49871,137347.41
-86647,-232616.37
99552,271982.92
19567,55223.57
2697,9505.87
62969,172842.99
26908,75117.68
-53380,-142462.8
57038,156769.98
9577,28150.67
17441,49462.11
79615,217953.65
-11913,-30087.23
69062,189355.02
23353,65483.63
35350,97995.5
-39172,-103959.12
-65373,-174963.83
-97193,-261196.03
80336,219907.56
-2794,-5374.74
-93191,-250350.61
26239,73304.69
-68330,-182977.3
-16650,-42924.5
-70231,-188129.01
32853,91228.63
-73505,-197001.55
-38313,-101631.23
93025,254294.75
28128,78423.88
-50146,-133698.66
-18618,-48257.78
98796,269934.16
30268,84223.28
63389,173981.19
10746,31318.66
-76159,-204193.89
-56009,-149587.39
-25047,-65680.37
36515,101152.65
-42128,-111969.88
-53791,-143576.61
63498,174276.58
-56343,-150492.53
-95200,-255795.0
-52325,-139603.75
22822,64044.62
30771,85586.41
45428,125306.88
12658,36500.18
-38228,-101400.88
-53148,-141834.08
54697,150425.87
-20367,-52997.57
80031,219081.01
56564,155485.44
58859,161704.89
41399,114388.29
58781,161493.51
-2441,-4418.11
-1232,-1141.72
81391,222766.61
90945,248657.95
-46485,-123777.35
-66871,-179023.41
1802,7080.42
-42608,-113270.68
26590,74255.9
-48679,-129723.09
-31308,-82647.68
-74287,-199120.77
92049,251649.79
-6579,-15632.09
81263,222419.73
97732,267050.72
3458,11568.18
-57684,-154126.64
85943,235102.53
62360,171192.6
15469,44117.99
-37523,-99490.33
-59201,-158237.71
12517,36118.07
73856,202346.76
11397,33082.87
56016,154000.36
91723,250766.33
-29148,-76794.08
-89635,-240713.85
17921,50762.91
-83672,-224554.12
19289,54470.19
3930,12847.3
95690,261516.9
10571,30844.41
19515,55082.65
-67121,-179700.91
-42178,-112105.38
-4478,-9938.38
46781,128973.51
-68602,-183714.42
87946,240530.66
-84916,-227925.36
50465,138957.15
-99440,-267285.4
72925,199823.75
74582,204314.22
-97878,-263052.38
-5739,-13355.69
47332,130466.72
58733,161363.43
-61944,-165671.24
-67764,-181443.44
-27870,-73330.7
30843,85781.53
41295,114106.45
-58364,-155969.44
29457,82025.47
-2256,-3916.76
-96183,-258458.93
-57051,-152411.21
-89641,-240730.11
66211,181628.81
-65038,-174055.98
-59383,-158730.93
-35561,-94173.31
35214,97626.94
-45792,-121899.32
97586,266655.06
15096,43107.16
-73667,-197440.57
82033,224506.43
-14308,-36577.68
-91554,-245914.34
-99523,-267510.33
16829,47803.59
25019,69998.49
-83780,-224846.8
-21398,-55791.58
-83507,-224106.97
32220,89513.2
-37877,-100449.67
32651,90681.21
2998,10321.58
-7984,-19439.64
46343,127786.53
-45677,-121587.67
91888,251213.48
10272,30034.12
-15514,-39845.94
17599,49890.29
40227,111212.17
84430,231002.3
82780,226530.8
-81583,-218892.93
-61512,-164500.52
1777,7012.67
88817,242891.07
-66710,-178587.1
-45044,-119872.24
17900,50706.0
67986,186439.06
73420,201165.2
31357,87174.47
34639,96068.69
56076,154162.96
-77095,-206730.45
-81696,-219199.16
35424,98196.04
-93653,-251602.63
-76672,-205584.12
-44131,-117398.01
-25514,-66945.94
55970,153875.7
-78453,-210410.63
91309,249644.39
59188,162596.48
-63197,-169066.87
80075,219200.25
-37676,-99904.96
-81175,-217787.25
99388,271538.48
1417,6037.07
59385,163130.35
83315,227980.65
48323,133152.33
99048,270617.08
54209,149103.39
-23809,-62325.39
26497,74003.87
-86989,-233543.19
-97240,-261323.4
11417,33137.07
64709,177558.39
-46831,-124715.01
85635,234267.85
-76609,-205413.39
-77470,-207746.7
90630,247804.3
68471,187753.41
-23731,-62114.01
4767,15115.57
47635,131287.85
24279,67993.09
-61787,-165245.77
-48421,-129023.91
39562,109410.02
-15733,-40439.43
-49805,-132774.55
-1211,-1084.81
30519,84903.49
-72291,-193711.61
-75404,-202147.84
-36399,-96444.29
2150,8023.5
12969,37342.99
48718,134222.78
-56416,-150690.36
46551,128350.21
30942,86049.82
-86439,-232052.69
85522,233961.62
-44480,-118343.8
20661,58188.31
97288,265847.48
-34606,-91585.26
-33366,-88224.86
-4629,-10347.59
78873,215942.83
68311,187319.81
-48680,-129725.8
80582,220574.22
82173,224885.83
-83496,-224077.16
-26830,-70512.3
-17196,-44404.16
95843,261931.53
-23924,-62637.04
16669,47369.99
-9889,-24602.19
-21217,-55301.07
-65488,-175275.48
-76833,-206020.43
-7536,-18225.56
323,3072.33
-68840,-184359.4
-23044,-60252.24
80839,221270.69
4230,13660.3
92533,252961.43
-28346,-74620.66
93385,255270.35
-57233,-152904.43
2685,9473.35
-53871,-143793.41
-24630,-64550.3
64858,177962.18
-67066,-179551.86
-77119,-206795.49
-27721,-72926.91
-61269,-163841.99
81885,224105.35
-67359,-180345.89
67160,184200.6
-63694,-170413.74
93467,255492.57
53688,147691.48
-87794,-235724.74
46737,128854.27
-83406,-223833.26
-76205,-204318.55
-71787,-192345.77
75788,207582.48
-4779,-10754.09
15032,42933.72
47834,131827.14
60897,167227.87
-53695,-143316.45
-2910,-5689.1
17801,50437.71
-16760,-43222.6
26929,75174.59
-74876,-200716.96
59661,163878.31
-16236,-41802.56
-88598,-237903.58
46254,127545.34
56721,155910.91
-32702,-86425.42
70287,192674.77
40625,112290.75
-52382,-139758.22
56888,156363.48
-67115,-179684.65
3530,11763.3
2681,9462.51
-86466,-232125.86
62679,172057.09
-86964,-233475.44
77909,213330.39
-11469,-28883.99
-62860,-168153.6
-45093,-120005.03
90723,248056.33
84329,230728.59
49835,137249.85
97626,266763.46
1813,7110.23
13940,39974.4
-53367,-142427.57
-31442,-83010.82
17119,48589.49
83043,227243.53
26479,73955.09
76389,209211.19
95824,261880.04
53967,148447.57
-71899,-192649.29
94862,259273.02
93095,254484.45
-71671,-192031.41
-25537,-67008.27
-28105,-73967.55
62780,172330.8
83721,229080.91
30720,85448.2
40838,112867.98
54116,148851.36
-59197,-158226.87
6558,19969.18
-89086,-239226.06
-52454,-139953.34
69526,190612.46
34731,96318.01
-20781,-54119.51
-86475,-232150.25
46587,128447.77
-45818,-121969.78
13996,40126.16
21426,60261.46
7933,23695.43
31027,86280.17
21991,61792.61
79581,217861.51
-73947,-198199.37
79826,218525.46
-17194,-44398.74
-65147,-174351.37
-4920,-11136.2
80327,219883.17
38815,107385.65
80899,221433.29
-24210,-63412.1
-98947,-265949.37
80558,220509.18
-60840,-162679.4
-91268,-245139.28
78816,215788.36
64663,177433.73
-81995,-220009.45
50707,139612.97
1504,6272.84
60160,165230.6
-47381,-126205.51
-74087,-198578.77
-37673,-99896.83
84702,231739.42
-26930,-70783.3
-32441,-85718.11
-41007,-108931.97
-30531,-80542.01
-71710,-192137.1
3306,11156.26
86565,236788.15
-11433,-28786.43
-84983,-228106.93
-51778,-138121.38
-44997,-119744.87
-33815,-89441.65
62120,170542.2
-73834,-197893.14
-46603,-124097.13
-62578,-167389.38
-82538,-221480.98
-68399,-183164.29
61094,167761.74
-75618,-202727.78
-93701,-251732.71
-91110,-244711.1
46144,127247.24
89441,244582.11
76066,208335.86
-62846,-168115.66
-66907,-179120.97
-53043,-141549.53
36716,101697.36
45347,125087.37
-39151,-103902.21
76009,208181.39
84361,230815.31
-18500,-47938.0
45460,125393.6
-81486,-218630.06
-22639,-59154.69
66819,183276.49
-40293,-106997.03
90446,247305.66
72375,198333.25
-52009,-138747.39
-12258,-31022.18
-90306,-242532.26
-66131,-177018.01
30160,83930.6
-13863,-35371.73
-93752,-251870.92
-16554,-42664.34
124,2533.04
-97917,-263158.07
62989,172897.19
75081,205666.51
93030,254308.3
-45355,-120715.05
57480,157967.8
-6541,-15529.11
82333,225319.43
71020,194661.2
7959,23765.89
-16115,-41474.65
-99066,-266271.86
-67373,-180383.83
-2014,-3260.94
-77958,-209069.18
-66307,-177494.97
-9176,-22669.96
70602,193528.42
40405,111694.55
73652,201793.92
-34871,-92303.41
-70988,-190180.48
31900,88646.0
-41966,-111530.86
-20461,-53252.31
4144,13427.24
64689,177504.19
82194,224942.74
-92219,-247716.49
56976,156601.96
26228,73274.88
2555,9121.05
-65390,-175009.9
-94188,-253052.48
87366,238958.86
-82667,-221830.57
-34979,-92596.09
57567,158203.57
-4663,-10439.73
88829,242923.59
-65323,-174828.33
5815,17955.65
-51735,-138004.85
-141,1814.89
-37324,-98951.04
16880,47941.8
4237,13679.27
95763,261714.73
-6843,-16347.53
17642,50006.82
96517,263758.07
-85183,-228648.93
-20573,-53555.83
50636,139420.56
-68185,-182584.35
37421,103607.91
-84462,-226695.02
-48919,-130373.49
58562,160900.02
51239,141054.69
-13387,-34081.77
-80353,-215559.63
-35378,-93677.38
-83374,-223746.54
-42706,-113536.26
-67231,-179999.01
39317,108746.07
75013,205482.23
52489,144442.19
-2363,-4206.73
12433,35890.43
-69062,-184961.02
-92545,-248599.95
35722,99003.62
-20689,-53870.19
26536,74109.56
30022,83556.62
48211,132848.81
-19336,-50203.56
-30872,-81466.12
-9367,-23187.57
-55725,-148817.75
-76931,-206286.01
46503,128220.13
93922,256725.62
98694,269657.74
11184,32505.64
70479,193195.09
47410,130678.1
72709,199238.39
26372,73665.12
-15396,-39526.16
53129,146176.59
18176,51453.96
-98351,-264334.21
99560,272004.6
67330,184661.3
2250,8294.5
-39783,-105614.93
-10069,-25089.99
-51663,-137809.73
90608,247744.68
29957,83380.47
61854,169821.34
59788,164222.48
-76292,-204554.32
-40465,-107463.15
13939,39971.69
15875,45218.25
8149,24280.79
46858,129182.18
-32841,-86802.11
34476,95626.96
60028,164872.88
-91864,-246754.44
73393,201092.03
35760,99106.6
63718,174872.78
94807,259123.97
60001,164799.71
94959,259535.89
-37762,-100138.02
-82235,-220659.85
87122,238297.62
-65437,-175137.27
90081,246316.51
40928,113111.88
-55027,-146926.17
12383,35754.93
40171,111060.41
30670,85312.7
-16765,-43236.15
-33231,-87859.01
15294,43643.74
-29737,-78390.27
-89289,-239776.19
51426,141561.46
73603,201661.13
48510,133659.1
68482,187783.22
-34197,-90476.87
92496,252861.16
-51660,-137801.6
-78224,-209790.04
90077,246305.67
-41072,-109108.12
-23486,-61450.06
-47803,-127349.13
28145,78469.95
-81329,-218204.59
29345,81721.95
2186,8121.06
-92846,-249415.66
33562,93150.02
-5188,-11862.48
-26355,-69225.05
70003,191905.13
-11713,-29545.23
89714,245321.94
-11521,-29024.91
85499,233899.29
56686,155816.06
-88749,-238312.79
-99472,-267372.12
48549,133764.79
70141,192279.11
4149,13440.79
-17148,-44274.08
48573,133829.83
73584,201609.64
9418,27719.78
3444,11530.24
24100,67508.0
75763,207514.73
-77464,-207730.44
-16477,-42455.67
-65924,-176457.04
85641,234284.11
-26817,-70477.07
-29132,-76750.72
30855,85814.05
-9486,-23510.06
34035,94431.85
48802,134450.42
55198,151783.58
98061,267942.31
47494,130905.74
14729,42112.59
-74995,-201039.45
-48050,-128018.5
-69490,-186120.9
-33563,-88758.73
20548,57882.08
-51348,-136956.08
87973,240603.83
62926,172726.46
-22955,-60011.05
60892,167214.32
-9435,-23371.85
95140,260026.4
-70596,-189118.16
-3803,-8109.13
-79077,-212101.67
33607,93271.97
19614,55350.94
94560,258454.6
-37172,-98539.12
77557,212376.47
63281,173688.51
99199,271026.29
-77447,-207684.37
-56390,-150619.9
78678,215414.38
-28909,-76146.39
83964,229739.44
7904,23616.84
86410,236368.1
19586,55275.06
1727,6877.17
42704,117924.84
-781,80.49
-6709,-15984.39
-73541,-197099.11
12914,37193.94
24008,67258.68
-72898,-195356.58
-95896,-257681.16
1104,5188.84
58756,161425.76
-68307,-182914.97
-47442,-126370.82
23419,65662.49
-60530,-161839.3
-96862,-260299.02
96494,263695.74
-49196,-131124.16
32088,89155.48
23637,66253.27
-40792,-108349.32
-65676,-175784.96
12504,36082.84
27735,77358.85
38801,107347.71
98628,269478.88
-91815,-246621.65
26355,73619.05
37495,103808.45
-76844,-206050.24
-55795,-149007.45
75427,206604.17
15495,44188.45
31989,88887.19
7687,23028.77
-32700,-86420.0
14435,41315.85
67189,184279.19
29619,82464.49
23105,64811.55
17701,50166.71
70064,192070.44
46346,127794.66
-69534,-186240.14
-2331,-4120.01
15198,43383.58
-61310,-163953.1
-60472,-161682.12
-99692,-267968.32
75184,205945.64
26360,73632.6
23197,65060.87
-4659,-10428.89
-61126,-163454.46
19138,54060.98
37840,104743.4
-95427,-256410.17
-53238,-142077.98
-9737,-24190.27
-75324,-201931.04
88674,242503.54
-76890,-206174.9
-64789,-173381.19
39309,108724.39
-14576,-37303.96
-91262,-245123.02
-95061,-255418.31
49601,136615.71
-23841,-62412.11
-86836,-233128.56
1806,7091.26
-4247,-9312.37
42947,118583.37
-79129,-212242.59
-97806,-262857.26
-78619,-210860.49
10572,30847.12
-96360,-258938.6
44216,122022.36
33621,93309.91
-76693,-205641.03
-49774,-132690.54
60695,166680.45
-68881,-184470.51
79590,217885.9
-78610,-210836.1
-30810,-81298.1
55989,153927.19
10055,29446.05
58000,159377.0
23042,64640.82
60295,165596.45
-88072,-236478.12
-39580,-105064.8
-70367,-188497.57
-78531,-210622.01
-94759,-254599.89
46465,128117.15
-40315,-107056.65
-11502,-28973.42
75319,206311.49
3125,10665.75
41106,113594.26
-59684,-159546.64
-32493,-85859.03
14355,41099.05
-12894,-32745.74
54852,150845.92
167,2649.57
-43261,-115040.31
-57819,-154492.49
-18814,-48788.94
-75890,-203464.9
-8738,-21482.98
34361,95315.31
59368,163084.28
-43415,-115457.65
-70537,-188958.27
74547,204219.37
-61169,-163570.99
38730,107155.3
57000,156667.0
-70501,-188860.71
-81804,-219491.84
7611,22822.81
991,4882.61
78321,214446.91
26942,75209.82
-59620,-159373.2
-21284,-55482.64
17653,50036.63
-10126,-25244.46
75477,206739.67
89473,244668.83
-58287,-155760.77
-39285,-104265.35
-1778,-2621.38
-11656,-29390.76
-90264,-242418.44
-97255,-261364.05
43503,120090.13
14368,41134.28
78059,213736.89
66825,183292.75
-88716,-238223.36
29522,82201.62
-2877,-5599.67
-20382,-53038.22
31293,87001.03
-71590,-191811.9
-89842,-241274.82
-52457,-139961.47
92696,253403.16
-69605,-186432.55
16542,47025.82
-12753,-32363.63
-59115,-158004.65
-1707,-2428.97
71544,196081.24
-86652,-232629.92
-37350,-99021.5
49627,136686.17
17289,49050.19
44412,122553.52
-61088,-163351.48
-4296,-9445.16
82048,224547.08
64624,177328.04
-19351,-50244.21
16088,45795.48
-27352,-71926.92
-28631,-75393.01
38545,106653.95
-53842,-143714.82
27691,77239.61
-60246,-161069.66
80793,221146.03
-76610,-205416.1
-40165,-106650.15
-32624,-86214.04
-95992,-257941.32
35824,99280.04
5900,18186.0
-55977,-149500.67
-18259,-47284.89
-6219,-14656.49
-45702,-121655.42
-21552,-56208.92
8764,25947.44
-37625,-99766.75
87493,239303.03
-14090,-35986.9
-3243,-6591.53
-2638,-4951.98
79972,218921.12
-71664,-192012.44
76031,208241.01
-16135,-41528.85
37120,102792.2
-69086,-185026.06
88306,241506.26
77980,213522.8
-41285,-109685.35
67736,185761.56
54946,151100.66
-50177,-133782.67
63154,173344.34
11252,32689.92
-55234,-147487.14
79503,217650.13
43913,121201.23
14212,40711.52
73435,201205.85
-72674,-194749.54
86382,236292.22
22009,61841.39
-53657,-143213.47
12145,35109.95
-8297,-20287.87
-55121,-147180.91
-87118,-233892.78
-24851,-65149.21
-44732,-119026.72
96312,263202.52
-82475,-221310.25
-36643,-97105.53
6005,18470.55
36410,100868.1
32516,90315.36
-34897,-92373.87
6267,19180.57
32899,91353.29
-27349,-71918.79
21666,60911.86
-58019,-155034.49
9329,27478.59
-60152,-160814.92
-60186,-160907.06
-94652,-254309.92
83092,227376.32
-84312,-226288.52
-91227,-245028.17
-9060,-22355.6
-50970,-135931.7
19106,53974.26
69314,190037.94
-92610,-248776.1
-13930,-35553.3
46680,128699.8
95819,261866.49
68698,188368.58
-43604,-115969.84
-58449,-156199.79
-42176,-112099.96
17523,49684.33
-81796,-219470.16
-69926,-187302.46
-93569,-251374.99
-41560,-110430.6
-16400,-42247.0
-43934,-116864.14
63946,175490.66
-57690,-154142.9
61345,168441.95
-29486,-77710.06
61250,168184.5
-94956,-255133.76
29186,81291.06
74159,203167.89
-22998,-60127.58
38079,105391.09
87166,238416.86
78534,215024.14
78158,214005.18
-29752,-78430.92
6053,18600.63
-18813,-48786.23
99851,272793.21
-71194,-190738.74
8956,26467.76
-63744,-170549.24
92074,251717.54
-47568,-126712.28
15283,43613.93
77637,212593.27
35122,97377.62
-95836,-257518.56
14064,40310.44
27354,76326.34
-49222,-131194.62
75938,207988.98
-68580,-183654.8
-62188,-166332.48
-52710,-140647.1
31488,87529.48
14838,42407.98
53961,148431.31
32646,90667.66
-36839,-97636.69
20023,56459.33
-88733,-238269.43
38366,106168.86
33633,93342.43
84135,230202.85
21284,59876.64
-10136,-25271.56
42200,116559.0
78019,213628.49
80561,220517.31
58970,162005.7
-90357,-242670.47
-17492,-45206.32
-16869,-43517.99
69509,190566.39
-90310,-242543.1
53428,146986.88
-8630,-21190.3
-74882,-200733.22
6872,20820.12
-54605,-145782.55
-88728,-238255.88
70734,193886.14
-99488,-267415.48
-22049,-57555.79
95016,259690.36
-59681,-159538.51
5081,15966.51
48205,132832.55
11166,32456.86
-47930,-127693.3
90189,246609.19
23166,64976.86
73234,200661.14
53568,147366.28
-26005,-68276.55
-79898,-214326.58
-92894,-249545.74
-55392,-147915.32
66608,182704.68
73372,201035.12
46848,129155.08
-56793,-151712.03
-48514,-129275.94
-9964,-24805.44
76355,209119.05
37410,103578.1
25910,72413.1
30484,84808.64
91769,250890.99
89989,246067.19
-8475,-20770.25
92854,253831.34
30041,83608.11
-24743,-64856.53
44734,123426.14
98348,268720.08
-1765,-2586.15
-52549,-140210.79
-87253,-234258.63
-39476,-104782.96
54558,150049.18
79727,218257.17
38999,107884.29
-82667,-221830.57
-82881,-222410.51
14453,41364.63
59314,162937.94
1052,5047.92
72602,198948.42
-75981,-203711.51
39974,110526.54
-34214,-90522.94
-59564,-159221.44
-38088,-101021.48
-43699,-116227.29
34916,96819.36
34233,94968.43
86207,235817.97
22629,63521.59
31102,86483.42
-63361,-169511.31
33639,93358.69
95847,261942.37
-1303,-1334.13
25550,71437.5
21379,60134.09
6809,20649.39
-10129,-25252.59
69098,189452.58
18009,51001.39
30193,84020.03
-63503,-169896.13
49298,135794.58
-32920,-87016.2
-23030,-60214.3
-97528,-262103.88
-7890,-19184.9
-26666,-70067.86
-14708,-37661.68
-55631,-148563.01
73040,200135.4
-11196,-28144.16
-21202,-55260.42
72604,198953.84
64048,175767.08
17074,48467.54
-83477,-224025.67
-48831,-130135.01
-91064,-244586.44
90380,247126.8
-49695,-132476.45
82430,225582.3
-50564,-134831.44
-63858,-170858.18
93950,256801.5
59252,162769.92
-91229,-245033.59
53705,147737.55
-29028,-76468.88
73684,201880.64
60379,165824.09
-46565,-123994.15
22286,62592.06
82418,225549.78
-12569,-31864.99
-69816,-187004.36
-5547,-12835.37
95831,261899.01
10957,31890.47
71322,195479.62
43133,119087.43
-34943,-92498.53
-55490,-148180.9
8645,25624.95
91326,249690.46
-77883,-208865.93
-3210,-6502.1
-340,1275.6
-97911,-263141.81
-57837,-154541.27
4947,15603.37
-3219,-6526.49
91560,250324.6
-38423,-101929.33
23422,65670.62
-15227,-39068.17
85486,233864.06
-57735,-154264.85
8672,25698.12
82660,226205.6
92158,251945.18
62117,170534.07
75662,207241.02
-34035,-90037.85
76725,210121.75
96664,264156.44
-18748,-48610.08
39195,108415.45
-24587,-64433.77
-51913,-138487.23
7100,21438.0
12697,36605.87
-38669,-102595.99
39829,110133.59
-75455,-202286.05
-59871,-160053.41
59378,163111.38
-56320,-150430.2
-9693,-24071.03
83790,229267.9
-22098,-57688.58
49533,136431.43
75224,206054.04
50964,140309.44
66150,181463.5
-20184,-52501.64
-47598,-126793.58
8336,24787.56
-46105,-122747.55
42907,118474.97
-16829,-43409.59
-32878,-86902.38
-19473,-50574.83
-24760,-64902.6
83789,229265.19
-59182,-158186.22
88590,242275.9
76173,208625.83
-49984,-133259.64
-81514,-218705.94
-3,2188.87
-45471,-121029.41
27748,77394.08
65948,180916.08
90653,247866.63
90336,247007.56
73342,200953.82
57925,159173.75
-13469,-34303.99
6888,20863.48
-36397,-96438.87
53082,146049.22
-83394,-223800.74
38004,105187.84
28391,79136.61
85170,233007.7
-82549,-221510.79
5071,15939.41
61607,169151.97
-30763,-81170.73
88311,241519.81
-36199,-95902.29
78810,215772.1
-5548,-12838.08
-28711,-75609.81
-5362,-12334.02
95098,259912.58
-49856,-132912.76
-16857,-43485.47
20162,56836.02
-66513,-178053.23
-3812,-8133.52
73133,200387.43
-95276,-256000.96
-55622,-148538.62
24952,69816.92
-23593,-61740.03
42617,117689.07
95077,259855.67
92766,253592.86
35903,99494.13
68928,188991.88
-38071,-100975.41
-44840,-119319.4
5135,16112.85
99273,271226.83
-44489,-118368.19
-17580,-45444.8
-44442,-118240.82
-32280,-85281.8
80288,219777.48
-82813,-222226.23
99502,271847.42
-34151,-90352.21
-63038,-168635.98
52670,144932.7
-30093,-79355.03
-86334,-231768.14
1227,5522.17
45569,125688.99
-14460,-36989.6
92856,253836.76
97412,266183.52
13593,39034.03
46080,127073.8
-3290,-6718.9
-65702,-175855.42
-16245,-41826.95
91771,250896.41
15143,43234.53
-4450,-9862.5
11545,33483.95
73604,201663.84
-63628,-170234.88
-25412,-66669.52
-52927,-141235.17
-34121,-90270.91
-32931,-87046.01
7510,22549.1
48132,132634.72
-15872,-40816.12
-99045,-266214.95
56436,155138.56
-80719,-216551.49
-2460,-4469.6
89327,244273.17
-11532,-29054.72
-24788,-64978.48
-30656,-80880.76
34110,94635.1
84457,231075.47
43534,120174.14
-60940,-162950.4
44485,122751.35
-73078,-195844.38
78341,214501.11
-70248,-188175.08
50790,139837.9
35803,99223.13
73596,201642.16
45596,125762.16
-68465,-183343.15
8980,26532.8
-48470,-129156.7
5333,16649.43
-84673,-227266.83
95519,261053.49
-76135,-204128.85
49426,136141.46
-52962,-141330.02
21391,60166.61
-47525,-126595.75
52406,144217.26
-58524,-156403.04
-56373,-150573.83
-91270,-245144.7
51178,140889.38
92792,253663.32
-86795,-233017.45
-65131,-174308.01
-22069,-57609.99
-57069,-152459.99
1742,6917.82
-78670,-210998.7
42551,117510.21
35350,97995.5
-57434,-153449.14
-52704,-140630.84
-90871,-244063.41
-4121,-8970.91
-88172,-236749.12
-74249,-199017.79
-46529,-123896.59
44533,122881.43
-14632,-37455.72
24011,67266.81
-47107,-125462.97
-32471,-85799.41
-95855,-257570.05
83913,229601.23
-43760,-116392.6
-8882,-21873.22
51344,141339.24
42243,116675.53
-58694,-156863.74
-31300,-82626.0
-65395,-175023.45
3463,11581.73
-29365,-77382.15
-30381,-80135.51
72943,199872.53
20814,58602.94
88544,242151.24
-81617,-218985.07
-96339,-258881.69
-82398,-221101.58
20912,58868.52
78171,214040.41
-52217,-139311.07
20009,56421.39
79995,218983.45
-62917,-168308.07
78573,215129.83
-71285,-190985.35
88764,242747.44
78825,215812.75
79811,218484.81
-91821,-246637.91
-62367,-166817.57
-79272,-212630.12
4526,14462.46
11753,34047.63
-21710,-56637.1
-80323,-215478.33
57336,157577.56
-85025,-228220.75
24687,69098.77
-85930,-230673.3
96328,263245.88
-81518,-218716.78
42798,118179.58
-26660,-70051.6
-56579,-151132.09
38652,106943.92
86473,236538.83
-36312,-96208.52
-76845,-206052.95
-61259,-163814.89
-36727,-97333.17
-87972,-236207.12
82139,224793.69
36705,101667.55
-50117,-133620.07
-20789,-54141.19
-62473,-167104.83
-10477,-26195.67
-1516,-1911.36
-50049,-133435.79
12571,36264.41
70170,192357.7
5037,15847.27
37963,105076.73
-34143,-90330.53
79666,218091.86
30756,85545.76
56571,155504.41
34210,94906.1
-315,1343.35
23927,67039.17
-97930,-263193.3
-13905,-35485.55
81761,223769.31
36884,102152.64
-36887,-97766.77
-47463,-126427.73
14630,41844.3
57296,157469.16
34381,95369.51
-5011,-11382.81
-81581,-218887.51
-36445,-96568.95
46006,126873.26
87563,239492.73
-51156,-136435.76
-18796,-48740.16
-25936,-68089.56
-9353,-23149.63
54202,149084.42
69846,191479.66
-8478,-20778.38
88229,241297.59
-15788,-40588.48
11472,33286.12
92864,253858.44
31413,87326.23
-46376,-123481.96
-89,1955.81
56591,155558.61
-12841,-32602.11
-2271,-3957.41
95441,260842.11
70061,192062.31
53325,146707.75
-49473,-131874.83
-41927,-111425.17
-83279,-223489.09
-38300,-101596.0
76889,210566.19
73032,200113.72
86356,236221.76
-46875,-124834.25
93871,256587.41
-18079,-46797.09
30286,84272.06
18587,52567.77
7214,21746.94
-80018,-214651.78
-59536,-159145.56
59938,164628.98
76525,209579.75
-97174,-261144.54
62219,170810.49
-89673,-240816.83
-96795,-260117.45
56128,154303.88
-78190,-209697.9
43159,119157.89
55019,151298.49
16329,46448.59
39042,108000.82
-35247,-93322.37
-9937,-24732.27
-8580,-21054.8
12067,34898.57
-70925,-190009.75
49357,135954.47
-11295,-28412.45
-3897,-8363.87
76154,208574.34
-41569,-110454.99
5961,18351.31
-16088,-41401.48
-26133,-68623.43
-51114,-136321.94
-78696,-211069.16
56986,156629.06
-83277,-223483.67
-21177,-55192.67
59462,163339.02
-2281,-3984.51
69008,189208.68
13381,38459.51
94051,257075.21
-31550,-83303.5
20312,57242.52
-5793,-13502.03
94408,258042.68
-82084,-220250.64
74839,205010.69
64301,176452.71
79375,217303.25
37995,105163.45
-77338,-207388.98
-86429,-232025.59
3965,12942.15
21655,60882.05
76652,209923.92
68454,187707.34
-38449,-101999.79
-79215,-212475.65
-57615,-153939.65
-96691,-259835.61
5911,18215.81
79981,218945.51
74914,205213.94
31052,86347.92
-96176,-258439.96
86562,236780.02
17573,49819.83
6424,19606.04
47846,131859.66
-94708,-254461.68
32078,89128.38
73969,202652.99
-88546,-237762.66
-70824,-189736.04
37870,104824.7
85247,233216.37
72398,198395.58
-51722,-137969.62
96597,263974.87
33369,92626.99
-9238,-22837.98
95810,261842.1
93678,256064.38
75495,206788.45
35696,98933.16
86198,235793.58
-75631,-202763.01
-62184,-166321.64
-30378,-80127.38
-68689,-183950.19
-53740,-143438.4
-84778,-227551.38
-86667,-232670.57
49187,135493.77
-27622,-72658.62
-11289,-28396.19
61299,168317.29
15336,43757.56
89852,245695.92
2931,10140.01
54589,150133.19
31321,87076.91
32121,89244.91
32650,90678.5
-22937,-59962.27
12018,34765.78
-60343,-161332.53
25764,72017.44
-62732,-167806.72
-89119,-239315.49
-36358,-96333.18
44630,123144.3
42005,116030.55
96994,265050.74
-82149,-220426.79
-11159,-28043.89
-99228,-266710.88
-85547,-229635.37
11785,34134.35
-10512,-26290.52
20712,58326.52
59265,162805.15
2081,7836.51
18186,51481.06
-6120,-14388.2
72821,199541.91
98368,268774.28
96458,263598.18
-7977,-19420.67
-6619,-15740.49
22087,62052.77
29184,81285.64
52673,144940.83
-71588,-191806.48
-33548,-88718.08
-59518,-159096.78
-60407,-161505.97
37618,104141.78
6308,19291.68
-69576,-186353.96
21314,59957.94
94242,257592.82
20055,56546.05
32874,91285.54
91873,251172.83
-9938,-24734.98
43543,120198.53
71184,195105.64
68877,188853.67
84233,230468.43
-89198,-239529.58
86773,237351.83
67670,185582.7
-49305,-131419.55
-22828,-59666.88
23894,66949.74
-93264,-250548.44
-14882,-38133.22
92875,253888.25
-84870,-227800.7
-4537,-10098.27
-97205,-261228.55
31501,87564.71
10534,30744.14
25031,70031.01
59788,164222.48
-68569,-183624.99
89346,244324.66
-41468,-110181.28
-98797,-265542.87
29495,82128.45
51978,143057.38
15675,44676.25
19694,55567.74
-2818,-5439.78
-17160,-44306.6
94593,258544.03
-34575,-91501.25
25354,70906.34
-63324,-169411.04
7364,22153.44
-47155,-125593.05
-4242,-9298.82
77521,212278.91
33375,92643.25
-61001,-163115.71
-13682,-34881.22
33730,93605.3
31901,88648.71
-70771,-189592.41
34939,96881.69
30853,85808.63
-93524,-251253.04
-36089,-95604.19
6723,20416.33
-30228,-79720.88
30290,84282.9
9448,27801.08
-29111,-76693.81
53555,147331.05
-27211,-71544.81
32763,90984.73
6145,18849.95
-69592,-186397.32
72792,199463.32
-40340,-107124.4
-26796,-70420.16
62416,171344.36
-12885,-32721.35
-78395,-210253.45
38625,106870.75
95205,260202.55
94589,258533.19
-48580,-129454.8
-1321,-1382.91
-3481,-7236.51
-15261,-39160.31
69834,191447.14
25508,71323.68
72703,199222.13
18250,51654.5
-3064,-6106.44
-27434,-72149.14
7087,21402.77
92855,253834.05
6608,20104.68
11114,32315.94
93517,255628.07
72143,197704.53
-73894,-198055.74
18715,52914.65
24334,68142.14
95899,262083.29
52364,144103.44
-13170,-33493.7
-32043,-84639.53
-46651,-124227.21
79003,216295.13
-69671,-186611.41
69692,191062.32
-70157,-187928.47
-82266,-220743.86
-50252,-133985.92
44390,122493.9
74925,205243.75
45911,126615.81
5730,17725.3
61986,170179.06
-95646,-257003.66
-46932,-124988.72
33515,93022.65
-1292,-1304.32
-5202,-11900.42
-3807,-8119.97
53780,147940.8
-72731,-194904.01
93152,254638.92
95226,260259.46
-13794,-35184.74
76228,208774.88
74274,203479.54
-36183,-95858.93
92987,254191.77
-26983,-70926.93
73155,200447.05
65117,178664.07
37338,103382.98
-29754,-78436.34
-3457,-7171.47
83416,228254.36
-63723,-170492.33
80856,221316.76
-26449,-69479.79
23778,66635.38
-90550,-243193.5
-5078,-11564.38
73390,201083.9
11723,33966.33
-14618,-37417.78
11331,32904.01
-71776,-192315.96
21348,60050.08
-12319,-31187.49
27351,76318.21
30292,84288.32
9736,28581.56
-51587,-137603.77
15542,44315.82
63672,174748.12
-31242,-82468.82
-82296,-220825.16
81884,224102.64
-47340,-126094.4
58838,161647.98
-25417,-66683.07
32260,89621.6
30149,83900.79
28107,78366.97
9004,26597.84
69590,190785.9
24573,68789.83
28803,80253.13
-35370,-93655.7
20,2251.2
39421,109027.91
-87113,-233879.23
4681,14882.51
-96727,-259933.17
-14598,-37363.58
-64200,-171785.0
-57092,-152522.32
60931,167320.01
9888,28993.48
13257,38123.47
-34828,-92186.88
80443,220197.53
51221,141005.91
-41921,-111408.91
89262,244097.02
92892,253934.32
90460,247343.6
-15752,-40490.92
54895,150962.45
-3555,-7437.05
43294,119523.74
-37195,-98601.45
67736,185761.56
-80958,-217199.18
87597,239584.87
65647,180100.37
37769,104550.99
40871,112957.41
27754,77410.34
-85062,-228321.02
-65184,-174451.64
73883,202419.93
-75729,-203028.59
74472,204016.12
-34530,-91379.3
-1680,-2355.8
-49902,-133037.42
8830,26126.3
-33963,-89842.73
-68237,-182725.27
82447,225628.37
-21548,-56198.08
301,3012.71
-87666,-235377.86
5536,17199.56
-25011,-65582.81
27390,76423.9
-65045,-174074.95
-91987,-247087.77
-9454,-23423.34
70682,193745.22
86126,235598.46
96371,263362.41
-61865,-165457.15
85336,233457.56
-71724,-192175.04
80746,221018.66
-32241,-85176.11
86687,237118.77
81536,223159.56
-61138,-163486.98
-96375,-258979.25
-16188,-41672.48
28327,78963.17
-87048,-233703.08
-77397,-207548.87
64148,176038.08
70647,193650.37
32377,89938.67
-67798,-181535.58
97808,267256.68
-93599,-251456.29
-58740,-156988.4
-94257,-253239.47
-36483,-96671.93
70697,193785.87
97288,265847.48
79084,216514.64
39845,110176.95
-3745,-7951.95
-59328,-158581.88
-64097,-171505.87
-85776,-230255.96
9108,26879.68
34671,96155.41
76736,210151.56
57145,157059.95
-88746,-238304.66
79245,216950.95
26893,75077.03
-61549,-164600.79
19985,56356.35
-42547,-113105.37
86355,236219.05
77618,212541.78
12660,36505.6
-15474,-39737.54
42801,118187.71
-49065,-130769.15
44835,123699.85
81011,221736.81
9196,27118.16
29785,82914.35
97473,266348.83
32353,89873.63
98458,269018.18
40294,111393.74
86591,236858.61
66072,181252.12
-89959,-241591.89
-31780,-83926.8
-53920,-143926.2
-28822,-75910.62
-66324,-177541.04
40838,112867.98
-4210,-9212.1
27920,77860.2
22615,63483.65
-27811,-73170.81
47916,132049.36
-99291,-266881.61
-70146,-187898.66
84312,230682.52
41389,114361.19
20611,58052.81
-41074,-109113.54
-19395,-50363.45
2742,9627.82
75392,206509.32
-52018,-138771.78
17808,50456.68
85819,234766.49
-88434,-237459.14
-43684,-116186.64
-16930,-43683.3
-74192,-198863.32
-56489,-150888.19
9697,28475.87
57452,157891.92
-16553,-42661.63
90471,247373.41
-30539,-80563.69
67455,185000.05
61345,168441.95
-68618,-183757.78
83638,228855.98
-36991,-98048.61
20470,57670.7
30976,86141.96
-17781,-45989.51
-20046,-52127.66
82949,226988.79
52131,143472.01
96205,262912.55
22472,63096.12
50801,139867.71
66989,183737.19
-69870,-187150.7
-23811,-62330.81
-18735,-48574.85
-15459,-39696.89
-25964,-68165.44
-17495,-45214.45
7464,22424.44
79208,216850.68
11119,32329.49
64037,175737.27
24373,68247.83
-16133,-41523.43
79168,216742.28
48088,132515.48
-31423,-82959.33
-77476,-207762.96
-84013,-225478.23
51238,141051.98
7065,21343.15
9122,26917.62
-56167,-150015.57
-7920,-19266.2
-58555,-156487.05
-88202,-236830.42
-94060,-252705.6
-75273,-201792.83
-84076,-225648.96
-62384,-166863.64
12429,35879.59
-33514,-88625.94
37760,104526.6
-75494,-202391.74
80634,220715.14
30626,85193.46
90802,248270.42
-5308,-12187.68
-65557,-175462.47
-73028,-195708.88
73234,200661.14
55839,153520.69
60793,166946.03
-96528,-259393.88
69852,191495.92
-87613,-235234.23
-13233,-33664.43
-90147,-242101.37
-3265,-6651.15
-2200,-3765.0
-76866,-206109.86
85098,232812.58
12141,35099.11
-17999,-46580.29
-97011,-260702.81
8546,25356.66
72870,199674.7
16172,46023.12
56272,154694.12
-42008,-111644.68
10657,31077.47
-18914,-49059.94
37594,104076.74
83766,229202.86
-79866,-214239.86
79675,218116.25
81000,221707.0
-74421,-199483.91
65016,178390.36
-74216,-198928.36
97098,265332.58
-74732,-200326.72
-91372,-245421.12
-68706,-183996.26
-34339,-90861.69
57275,157412.25
-94408,-253648.68
62837,172485.27
-3160,-6366.6
-26043,-68379.53
21053,59250.63
-16332,-42062.72
69720,191138.2
55593,152854.03
-10314,-25753.94
98581,269351.51
-42486,-112940.06
20822,58624.62
-42295,-112422.45
64608,177284.68
-55746,-148874.66
8358,24847.18
-96734,-259952.14
-63739,-170535.69
-44883,-119435.93
79795,218441.45
-87558,-235085.18
61238,168151.98
49448,136201.08
-43964,-116945.44
-77626,-208169.46
26319,73521.49
-38991,-103468.61
-44955,-119631.05
61718,169452.78
-26738,-70262.98
64158,176065.18
-11903,-30060.13
-97816,-262884.36
35284,97816.64
1116,5221.36
30900,85936.0
48028,132352.88
-4443,-9843.53
91042,248920.82
-5457,-12591.47
41527,114735.17
38303,105998.13
40111,110897.81
80056,219148.76
-90319,-242567.49
90510,247479.1
35616,98716.36
-61546,-164592.66
-63618,-170207.78
75886,207848.06
17135,48632.85
-50165,-133750.15
56490,155284.9
-1871,-2873.41
35305,97873.55
-72391,-193982.61
84890,232248.9
83473,228408.83
54492,149870.32
-69769,-186876.99
-49842,-132874.82
43115,119038.65
85597,234164.87
-95156,-255675.76
37618,104141.78
82385,225460.35
-28789,-75821.19
1029,4985.59
-33348,-88176.08
-66414,-177784.94
-36015,-95403.65
-75004,-201063.84
12934,37248.14
33078,91838.38
42361,116995.31
35412,98163.52
12511,36101.81
9422,27730.62
4337,13950.27
-54930,-146663.3
-41632,-110625.72
70880,194281.8
-47301,-125988.71
-23495,-61474.45
57813,158870.23
85190,233061.9
-91070,-244602.7
58885,161775.35
-59904,-160142.84
89021,243443.91
-57343,-153202.53
-17367,-44867.57
-34663,-91739.73
42560,117534.6
27369,76366.99
-45682,-121601.22
-29889,-78802.19
-64719,-173191.49
12318,35578.78
-68990,-184765.9
2624,9308.04
-54927,-146655.17
-32263,-85235.73
44793,123586.03
61326,168390.46
-90020,-241757.2
-41938,-111454.98
1958,7503.18
-56356,-150527.76
70361,192875.31
-81515,-218708.65
-80027,-214676.17
38748,107204.08
-92199,-247662.29
76662,209951.02
-18877,-48959.67
-84754,-227486.34
69739,191189.69
38440,106369.4
-82197,-220556.87
-3665,-7735.15
14851,42443.21
-57077,-152481.67
75990,208129.9
-64027,-171316.17
-5839,-13626.69
60582,166374.22
-8582,-21060.22
-84230,-226066.3
65934,180878.14
96944,264915.24
80945,221557.95
-42915,-114102.65
31187,86713.77
11536,33459.56
-24369,-63842.99
96771,264446.41
76395,209227.45
-71623,-191901.33
-15218,-39043.78
16059,45716.89
89717,245330.07
46090,127100.9
-96607,-259607.97
-59300,-158506.0
15130,43199.3
69877,191563.67
-13029,-33111.59
-52518,-140126.78
71847,196902.37
68801,188647.71
-65767,-176031.57
29198,81323.58
18180,51464.8
-49147,-130991.37
-80421,-215743.91
-25882,-67943.22
6604,20093.84
47862,131903.02
93280,254985.8
-98044,-263502.24
48781,134393.51
-45512,-121140.52
-36710,-97287.1
-69161,-185229.31
2944,10175.24
-80810,-216798.1
47043,129683.53
-31682,-83661.22
-25018,-65601.78
10711,31223.81
98817,269991.07
54102,148813.42
-93412,-250949.52
51586,141995.06
-69452,-186017.92
-65267,-174676.57
-4112,-8946.52
-16703,-43068.13
54278,149290.38
-52100,-138994.0
-72905,-195375.55
99909,272950.39
-95445,-256458.95
-878,-182.38
-14281,-36504.51
-83392,-223795.32
58701,161276.71
82930,226937.3
-22070,-57612.7
88208,241240.68
-9396,-23266.16
-16633,-42878.43
-87247,-234242.37
-52889,-141132.19
-85819,-230372.49
-86571,-232410.41
-35555,-94157.05
18902,53421.42
30085,83727.35
-81016,-217356.36
-99255,-266784.05
-17804,-46051.84
-58078,-155194.38
-54499,-145495.29
41315,114160.65
60970,167425.7
13572,38977.12
-7931,-19296.01
-249,1522.21
39858,110212.18
50792,139843.32
-67475,-180660.25
-26885,-70661.35
51377,141428.67
-27748,-73000.08
-70799,-189668.29
29308,81621.68
-35552,-94148.92
-25708,-67471.68
85564,234075.44
-78521,-210594.91
24620,68917.2
81129,222056.59
-76558,-205275.18
86625,236950.75
54953,151119.63
68832,188731.72
-17646,-45623.66
-63538,-169990.98
13703,39332.13
96573,263909.83
-31441,-83008.11
23379,65554.09
-5625,-13046.75
-95432,-256423.72
97130,265419.3
-66009,-176687.39
-36487,-96682.77
-44087,-117278.77
-46512,-123850.52
-87925,-236079.75
21497,60453.87
-39430,-104658.3
46732,128840.72
36850,102060.5
-343,1267.47
51212,140981.52
-55933,-149381.43
52663,144913.73
38316,106033.36
-54406,-145243.26
70927,194409.17
85981,235205.51
39983,110550.93
-17243,-44531.53
-32384,-85563.64
84495,231178.45
-53208,-141996.68
58210,159946.1
-65903,-176400.13
-2147,-3621.37
20603,58031.13
-2074,-3423.54
548,3682.08
-52873,-141088.83
56420,155095.2
-82842,-222304.82
60307,165628.97
9254,27275.34
58166,159826.86
-62939,-168367.69
-57328,-153161.88
44967,124057.57
-72499,-194275.29
-25082,-65775.22
-74820,-200565.2
53520,147236.2
67327,184653.17
67362,184748.02
-71893,-192633.03
-17475,-45160.25
95822,261874.62
-60138,-160776.98
9756,28635.76
-75941,-203603.11
35297,97851.87
22952,64396.92
-98039,-263488.69
98863,270115.73
93041,254338.11
-28921,-76178.91
-46772,-124555.12
11161,32443.31
2953,10199.63
-73138,-196006.98
19672,55508.12
72339,198235.69
-719,248.51
-48899,-130319.29
40628,112298.88
-35282,-93417.22
28486,79394.06
-63968,-171156.28
7309,22004.39
61376,168525.96
-29538,-77850.98
-87352,-234526.92
6594,20066.74
47443,130767.53
-10621,-26585.91
-21500,-56068.0
32600,90543.0
15629,44551.59
73166,200476.86
-3483,-7241.93
-37843,-100357.53
-28436,-74864.56
98360,268752.6
-16778,-43271.38
-99765,-268166.15
42139,116393.69
87808,240156.68
-32735,-86514.85
-47658,-126956.18
56448,155171.08
57752,158704.92
-73151,-196042.21
36834,102017.14
-35558,-94165.18
23619,66204.49
10386,30343.06
42701,117916.71
81155,222127.05
64064,175810.44
-5649,-13111.79
85253,233232.63
-60431,-161571.01
89212,243961.52
-16684,-43016.64
-12311,-31165.81
-52875,-141094.25
5563,17272.73
-10368,-25900.28
-34335,-90850.85
-18947,-49149.37
9163,27028.73
85659,234332.89
-28247,-74352.37
94106,257224.26
-33833,-89490.43
-48935,-130416.85
-87572,-235123.12
-58692,-156858.32
-89503,-240356.13
50440,138889.4
83341,228051.11
7493,22503.03
-30073,-79300.83
-54333,-145045.43
55594,152856.74
34261,95044.31
-45886,-122154.06
-21311,-55555.81
-67180,-179860.8
65065,178523.15
93060,254389.6
-47274,-125915.54
-90263,-242415.73
88909,243140.39
69801,191357.71
-90798,-243865.58
87765,240040.15
51372,141415.12
33184,92125.64
21123,59440.33
-89023,-239055.33
-36573,-96915.83
-20813,-54206.23
-89180,-239480.8
47013,129602.23
88572,242227.12
-76878,-206142.38
61765,169580.15
-3858,-8258.18
-34140,-90322.4
13488,38749.48
-69378,-185817.38
-260,1492.4
-6049,-14195.79
-60326,-161286.46
74221,203335.91
42028,116092.88
-71212,-190787.52
-7006,-16789.26
99667,272294.57
-86988,-233540.48
93928,256741.88
-70496,-188847.16
38547,106659.37
63856,175246.76
37868,104819.28
7671,22985.41
69160,189620.6
10373,30307.83
-98343,-264312.53
-28589,-75279.19
-14552,-37238.92
68854,188791.34
-45688,-121617.48
-65466,-175215.86
-53801,-143603.71
35802,99220.42
-83510,-224115.1
26192,73177.32
79910,218753.1
19703,55592.13
-16987,-43837.77
20576,57957.96
-88380,-237312.8
-14451,-36965.21
-22646,-59173.66
53260,146531.6
-26632,-69975.72
86179,235742.09
-56976,-152207.96
-74382,-199378.22
83191,227644.61
-14292,-36534.32
53736,147821.56
-46957,-125056.47
97859,267394.89
51710,142331.1
40051,110735.21
-51236,-136652.56
40560,112114.6
-82633,-221738.43
90221,246695.91
360,3172.6
-30731,-81084.01
-27212,-71547.52
93146,254622.66
-49208,-131156.68
59362,163068.02
57850,158970.5
-68269,-182811.99
12477,36009.67
-59654,-159465.34
72231,197943.01
73217,200615.07
-12971,-32954.41
48679,134117.09
29385,81830.35
-69754,-186836.34
-90719,-243651.49
-15138,-38826.98
-4984,-11309.64
42109,116312.39
-90232,-242331.72
-56189,-150075.19
-72091,-193169.61
-57211,-152844.81
28575,79635.25
-69086,-185026.06
-44827,-119284.17
71518,196010.78
99750,272519.5
-97133,-261033.43
-47876,-127546.96
-95190,-255767.9
29435,81965.85
60690,166666.9
-68196,-182614.16
-39009,-103517.39
-12187,-30829.77
85865,234891.15
-50925,-135809.75
-10454,-26133.34
-55205,-147408.55
-73299,-196443.29
81637,223433.27
-7062,-16941.02
-14481,-37046.51
41793,115456.03
-78285,-209955.35
64043,175753.53
87988,240644.48
-68975,-184725.25
50176,138173.96
-37346,-99010.66
-27198,-71509.58
21256,59800.76
66408,182162.68
-40455,-107436.05
39442,109084.82
-3336,-6843.56
32226,89529.46
-3347,-6873.37
76400,209241.0
-48021,-127939.91
-84921,-227938.91
46650,128618.5
-15543,-39924.53
-7400,-17857.0
7733,23153.43
54470,149810.7
96281,263118.51
55496,152591.16
-82060,-220185.6
-41343,-109842.53
62516,171615.36
-96716,-259903.36
-93669,-251645.99
-31515,-83208.65
68256,187170.76
-78508,-210559.68
-67572,-180923.12
-89286,-239768.06
66667,182864.57
55209,151813.39
49063,135157.73
-29459,-77636.89
-90829,-243949.59
56493,155293.03
80059,219156.89
-45644,-121498.24
91512,250194.52
-88595,-237895.45
54372,149545.12
-56418,-150695.78
88338,241592.98
96494,263695.74
91425,249958.75
23154,64944.34
72499,198669.29
-22867,-59772.57
-55206,-147411.26
92201,252061.71
-85310,-228993.1
-27680,-72815.8
-80919,-217093.49
82993,227108.03
65383,179384.93
-8341,-20407.11
-51121,-136340.91
39830,110136.3
38575,106735.25
28930,80597.3
26496,74001.16
-87855,-235890.05
13279,38183.09
-48914,-130359.94
-83974,-225372.54
-56335,-150470.85
-31892,-84230.32
-31361,-82791.31
13675,39256.25
38897,107607.87
-48744,-129899.24
24067,67418.57
-35603,-94287.13
11173,32475.83
82941,226967.11
-66685,-178519.35
51167,140859.57
-98040,-263491.4
40304,111420.84
44091,121683.61
22833,64074.43
-57656,-154050.76
-73661,-197424.31
57987,159341.77
-95054,-255399.34
44686,123296.06
-3161,-6369.31
47981,132225.51
63508,174303.68
-83428,-223892.88
59431,163255.01
88086,240910.06
-4584,-10225.64
59916,164569.36
-11324,-28491.04
-72495,-194264.45
73181,200517.51
78300,214390.0
54286,149312.06
19323,54562.33
97577,266630.67
11237,32649.27
42153,116431.63
-13829,-35279.59
-30886,-81504.06
45272,124884.12
14232,40765.72
-37091,-98319.61
-39656,-105270.76
96892,264774.32
23976,67171.96
-70910,-189969.1
-5040,-11461.4
75441,206642.11
2621,9299.91
-82812,-222223.52
28301,78892.71
64286,176412.06
40486,111914.06
90451,247319.21
99804,272665.84
39919,110377.49
-82995,-222719.45
48712,134206.52
-50357,-134270.47
-77853,-208784.63
-7965,-19388.15
38012,105209.52
46732,128840.72
-88232,-236911.72
52140,143496.4
67739,185769.69
76115,208468.65
79617,217959.07
-59416,-158820.36
-26036,-68360.56
428,3356.88
81039,221812.69
-64878,-173622.38
2221,8215.91
49928,137501.88
-13320,-33900.2
-57944,-154831.24
20326,57280.46
68163,186918.73
14718,42082.78
78393,214642.03
77601,212495.71
29049,80919.79
-85656,-229930.76
-64229,-171863.59
38518,106580.78
-55266,-147573.86
-95849,-257553.79
68228,187094.88
98381,268809.51
-24209,-63409.39
-92179,-247608.09
71959,197205.89
-6389,-15117.19
-24145,-63235.95
-2117,-3540.07
75522,206861.62
-62022,-165882.62
79150,216693.5
97742,267077.82
31916,88689.36
91750,250839.5
-51,2058.79
14702,42039.42
30740,85502.4
-48457,-129121.47
98833,270034.43
-68556,-183589.76
34959,96935.89
28592,79681.32
334,3102.14
94489,258262.19
-21180,-55200.8
17238,48911.98
90433,247270.43
58114,159685.94
15820,45069.2
5668,17557.28
59758,164141.18
-83670,-224548.7
-45347,-120693.37
18337,51890.27
49238,135631.98
-24425,-63994.75
-85068,-228337.28
51961,143011.31
-3171,-6396.41
9745,28605.95
-68896,-184511.16
72542,198785.82
91636,250530.56
74866,205083.86
63424,174076.04
37416,103594.36
-30615,-80769.65
50987,140371.77
86101,235530.71
-50056,-133454.76
16267,46280.57
18878,53356.38
94593,258544.03
-60216,-160988.36
60518,166200.78
-3651,-7697.21
31087,86442.77
-67548,-180858.08
12088,34955.48
66194,181582.74
-68394,-183150.74
53060,145989.6
21947,61673.37
-51652,-137779.92
-70421,-188643.91
21035,59201.85
57388,157718.48
-93760,-251892.6
4025,13104.75
98893,270197.03
43091,118973.61
-55073,-147050.83
-89501,-240350.71
58964,161989.44
-83538,-224190.98
-42362,-112604.02
99474,271771.54
30577,85060.67
-26079,-68477.09
19516,55085.36
-31632,-83525.72
95371,260652.41
-35364,-93639.44
-52103,-139002.13
-4866,-10989.86
1465,6167.15
33490,92954.9
-73550,-197123.5
-7371,-17778.41
-72440,-194115.4
15480,44147.8
-83990,-225415.9
-73343,-196562.53
96304,263180.84
58747,161401.37
63298,173734.58
42710,117941.1
-71629,-191917.59
-27612,-72631.52
-38551,-102276.21
25802,72120.42
26482,73963.22
-20790,-54143.9
-40616,-107872.36
-8396,-20556.16
-13240,-33683.4
-98868,-265735.28
99220,271083.2
-8375,-20499.25
-8894,-21905.74
-62530,-167259.3
-10253,-25588.63
86034,235349.14
-14029,-35821.59
1907,7364.97
82263,225129.73
49815,137195.65
73608,201674.68
-97450,-261892.5
84982,232498.22
-50974,-135942.54
43816,120938.36
-92264,-247838.44
-96732,-259946.72
-40908,-108663.68
23171,64990.41
-10178,-25385.38
75323,206322.33
-95670,-257068.7
-24076,-63048.96
-3582,-7510.22
-85260,-228857.6
-27313,-71821.23
-97454,-261903.34
49357,135954.47
-19883,-51685.93
-13018,-33081.78
-34945,-92503.95
-20236,-52642.56
83816,229338.36
-50794,-135454.74
35781,99163.51
48875,134648.25
-95300,-256066.0
17023,48329.33
-18107,-46872.97
-76297,-204567.87
-16349,-42108.79
33899,94063.29
35434,98223.14
-79774,-213990.54
19476,54976.96
49902,137431.42
-9322,-23065.62
-89321,-239862.91
55757,153298.47
-56987,-152237.77
-29079,-76607.09
-71946,-192776.66
-28654,-75455.34
-83082,-222955.22
31680,88049.8
33875,93998.25
1505,6275.55
-98613,-265044.23
56572,155507.12
23744,66543.24
-88467,-237548.57
88045,240798.95
-67878,-181752.38
-68311,-182925.81
24088,67475.48
-69975,-187435.25
-40882,-108593.22
-48092,-128132.32
-7766,-18848.86
-46915,-124942.65
7770,23253.7
96017,262403.07
96035,262451.85
8438,25063.98
32196,89448.16
87738,239966.98
-80869,-216957.99
45822,126374.62
-49226,-131205.46
87716,239907.36
-98922,-265881.62
-20628,-53704.88
5362,16728.02
1989,7587.19
16183,46052.93
2124,7953.04
58288,160157.48
89346,244324.66
52804,145295.84
8124,24213.04
-90441,-242898.11
10965,31912.15
22494,63155.74
-64738,-173242.98
42544,117491.24
-12339,-31241.69
4023,13099.33
-28320,-74550.2
97626,266763.46
33816,93838.36
-62700,-167720.0
34536,95789.56
-78204,-209735.84
-72647,-194676.37
75544,206921.24
-58494,-156321.74
39928,110401.88
92166,251966.86
93139,254603.69
-52104,-139004.84
-88800,-238451.0
55159,151677.89
-94101,-252816.71
-89877,-241369.67
16946,48120.66
-85119,-228475.49
-62788,-167958.48
-81151,-217722.21
87504,239332.84
17107,48556.97
57047,156794.37
9156,27009.76
21674,60933.54
-50032,-133389.72
42070,116206.7
-31919,-84303.49
21151,59516.21
30910,85963.1
64411,176750.81
30751,85532.21
12600,36343.0
-38482,-102089.22
75357,206414.47
-64219,-171836.49
-54919,-146633.49
54041,148648.11
-98046,-263507.66
-85056,-228304.76
77505,212235.55
89765,245460.15
-4514,-10035.94
-70080,-187719.8
43104,119008.84
-52828,-140966.88
68664,188276.44
8988,26554.48
23899,66963.29
4157,13462.47
-57015,-152313.65
-14800,-37911.0
-75859,-203380.89
-19473,-50574.83
-33637,-88959.27
-92790,-249263.9
53309,146664.39
-69217,-185381.07
86425,236408.75
66512,182444.52
-16881,-43550.51
-79930,-214413.3
-47563,-126698.73
66409,182165.39
9823,28817.33
28500,79432.0
29174,81258.54
95673,261470.83
-61967,-165733.57
-19535,-50742.85
-21529,-56146.59
51446,141615.66
13257,38123.47
73071,200219.41
-36108,-95655.68
47712,131496.52
27868,77719.28
-34801,-92113.71
79557,217796.47
-46232,-123091.72
-77013,-206508.23
-65153,-174367.63
-47935,-127706.85
48960,134878.6
71651,196371.21
19713,55619.23
-91364,-245399.44
-72453,-194150.63
-59821,-159917.91
36677,101591.67
49815,137195.65
28311,78919.81
-73163,-196074.73
-1816,-2724.36
-70388,-188554.48
25143,70334.53
90662,247891.02
-21796,-56870.16
-19862,-51629.02
-32749,-86552.79
42399,117098.29
-74962,-200950.02
4197,13570.87
13918,39914.78
-48194,-128408.74
-67201,-179917.71
-96308,-258797.68
92898,253950.58
95332,260546.72
68527,187905.17
-52144,-139113.24
97747,267091.37
-51824,-138246.04
98915,270256.65
-9277,-22943.67
19424,54836.04
-68093,-182335.03
-63373,-169543.83
3757,12378.47
38782,107296.22
-74562,-199866.02
-73540,-197096.4
-30979,-81756.09
55899,153683.29
93068,254411.28
24648,68993.08
-76884,-206158.64
-34504,-91308.84
-17722,-45829.62
-54444,-145346.24
14046,40261.66
16840,47833.4
-73118,-195952.78
-82467,-221288.57
-45356,-120717.76
52738,145116.98
78925,216083.75
-45868,-122105.28
-48404,-128977.84
-96608,-259610.68
-34501,-91300.71
-63933,-171061.43
47075,129770.25
1926,7416.46
91370,249809.7
-99247,-266762.37
-82794,-222174.74
-60987,-163077.77
79144,216677.24
81921,224202.91
76598,209777.58
-89900,-241432.0
-51593,-137620.03
-4313,-9491.23
-23880,-62517.8
79592,217891.32
-85540,-229616.4
85461,233796.31
87321,238836.91
88478,241972.38
-79930,-214413.3
9769,28670.99
95639,261378.69
-48800,-130051.0
34102,94613.42
-45359,-120725.89
38851,107483.21
46589,128453.19
74686,204596.06
58160,159810.6
86815,237465.65
-53190,-141947.9
63440,174119.4
7086,21400.06
-56832,-151817.72
9482,27893.22
-17778,-45981.38
41874,115675.54
-29251,-77073.21
-41946,-111476.66
-44484,-118354.64
96903,264804.13
85328,233435.88
-18403,-47675.13
46561,128377.31
-45780,-121866.8
79877,218663.67
-27532,-72414.72
-56494,-150901.74
-96457,-259201.47
-14135,-36108.85
-40239,-106850.69
40662,112391.02
46066,127035.86
66110,181355.1
14554,41638.34
-98567,-264919.57
19932,56212.72
26334,73562.14
-24816,-65054.36
82757,226468.47
826,4435.46
87879,240349.09
-18231,-47209.01
37366,103458.86
-83776,-224835.96
-39133,-103853.43
-74328,-199231.88
-91430,-245578.3
69941,191737.11
74796,204894.16
16995,48253.45
-53447,-142644.37
69393,190252.03
73826,202265.46
-73044,-195752.24
97172,265533.12
34293,95131.03
94561,258457.31
35493,98383.03
-68763,-184150.73
86825,237492.75
31420,87345.2
97692,266942.32
87510,239349.1
89258,244086.18
-47196,-125704.16
42674,117843.54
-24814,-65048.94
-22462,-58675.02
55793,153396.03
-12839,-32596.69
-58996,-157682.16
-24446,-64051.66
93265,254945.15
37448,103681.08
-29005,-76406.55
28784,80201.64
62335,171124.85
73375,201043.25
-34479,-91241.09
90209,246663.39
-5256,-12046.76
-32512,-85910.52
13950,40001.5
97873,267432.83
-6657,-15843.47
-19157,-49718.47
35615,98713.65
-54526,-145568.46
-17274,-44615.54
-17107,-44162.97
9824,28820.04
-8574,-21038.54
72613,198978.23
90843,248381.53
-79196,-212424.16
28026,78147.46
-63356,-169497.76
-91609,-246063.39
-19579,-50862.09
96958,264953.18
28056,78228.76
-29319,-77257.49
-96620,-259643.2
-60302,-161221.42
-46924,-124967.04
48805,134458.55
-10962,-27510.02
44853,123748.63
-45142,-120137.82
-21569,-56254.99
-88630,-237990.3
-21414,-55834.94
96362,263338.02
37152,102878.92
-11221,-28211.91
98153,268191.63
54869,150891.99
10820,31519.2
-52172,-139189.12
62189,170729.19
-19158,-49721.18
-52363,-139706.73
-24859,-65170.89
62595,171829.45
55763,153314.73
4381,14069.51
-94254,-253231.34
-5698,-13244.58
43435,119905.85
-33549,-88720.79
-80993,-217294.03
-77246,-207139.66
75448,206661.08
-39894,-105915.74
39262,108597.02
28275,78822.25
-45161,-120189.31
68041,186588.11
-76138,-204136.98
-22729,-59398.59
84590,231435.9
-22978,-60073.38
28231,78703.01
28536,79529.56
-27887,-73376.77
-26955,-70851.05
-18474,-47867.54
-85075,-228356.25
-7192,-17293.32
-13943,-35588.53
-16174,-41634.54
-89616,-240662.36
30010,83524.1
49946,137550.66
16664,47356.44
-90479,-243001.09
-54317,-145002.07
12889,37126.19
-38245,-101446.95
6825,20692.75
13906,39882.26
-86698,-232754.58
-59527,-159121.17
47576,131127.96
39612,109545.52
-15423,-39599.33
54485,149851.35
-47492,-126506.32
84573,231389.83
30671,85315.41
-10707,-26818.97
62418,171349.78
8448,25091.08
-18722,-48539.62
-21616,-56382.36
84676,231668.96
10511,30681.81
40122,110927.62
17716,50207.36
39902,110331.42
82898,226850.58
-36557,-96872.47
-75742,-203063.82
-98714,-265317.94
-6713,-15995.23
50199,138236.29
40655,112372.05
-60655,-162178.05
-34067,-90124.57
-94063,-252713.73
-46535,-123912.85
-81183,-217808.93
-15022,-38512.62
63330,173821.3
73589,201623.19
-6443,-15263.53
-22631,-59133.01
65548,179832.08
-2558,-4735.18
73166,200476.86
71261,195314.31
92259,252218.89
-45320,-120620.2
-16187,-41669.77
30401,84583.71
10119,29619.49
-52595,-140335.45
40370,111599.7
20799,58562.29
28082,78299.22
20711,58323.81
73188,200536.48
-71675,-192042.25
-77348,-207416.08
-91807,-246599.97
-93337,-250746.27
-26900,-70702.0
44825,123672.75
50146,138092.66
63851,175233.21
-92537,-248578.27
-59291,-158481.61
-31293,-82607.03
-21490,-56040.9
22896,64245.16
82863,226755.73
3843,12611.53
23147,64925.37
-99667,-267900.57
-35295,-93452.45
13206,37985.26
-45325,-120633.75
16039,45662.69
-4027,-8716.17
-82081,-220242.51
-15149,-38856.79
30789,85635.19
-5017,-11399.07
-11152,-28024.92
94783,259058.93
-76635,-205483.85
61255,168198.05
79008,216308.68
-8416,-20610.36
-65138,-174326.98
-64573,-172795.83
2256,8310.76
-74782,-200462.22
-23574,-61688.54
-29267,-77116.57
-30743,-81116.53
93272,254964.12
-38012,-100815.52
-91378,-245437.38
91551,250300.21
21451,60329.21
94652,258703.92
18182,51470.22
-62938,-168364.98
17111,48567.81
32596,90532.16
-89077,-239201.67
-89983,-241656.93
-22696,-59309.16
73289,200810.19
25786,72077.06
-75312,-201898.52
-38528,-102213.88
79547,217769.37
-54244,-144804.24
44061,121602.31
-61924,-165617.04
41317,114166.07
9546,28066.66
-644,451.76
21901,61548.71
-87207,-234133.97
-92374,-248136.54
49993,137678.03
-35865,-94997.15
99482,271793.22
-58800,-157151.0
18682,52825.22
-30349,-80048.79
75083,205671.93
31590,87805.9
-4868,-10995.28
-152,1785.08
-26477,-69555.67
80618,220671.78
-42265,-112341.15
48426,133431.46
77645,212614.95
-82959,-222621.89
15772,44939.12
-98247,-264052.37
51327,141293.17
41966,115924.86
29816,82998.36
84662,231631.02
-53453,-142660.63
32361,89895.31
85963,235156.73
23899,66963.29
95300,260460.0
52805,145298.55
95569,261188.99
-73711,-197559.81
-99791,-268236.61
13766,39502.86
-17998,-46577.58
15048,42977.08
6519,19863.49
91476,250096.96
-61973,-165749.83
55537,152702.27
-74496,-199687.16
-77845,-208762.95
-13148,-33434.08
78567,215113.57
-7555,-18277.05
-92036,-247220.56
85051,232685.21
-59702,-159595.42
63637,174653.27
95429,260809.59
57268,157393.28
-88531,-237722.01
-90365,-242692.15
-23735,-62124.85
16898,47990.58
-19044,-49412.24
71045,194728.95
83351,228078.21
-12540,-31786.4
-68381,-183115.51
-6902,-16507.42
36016,99800.36
40667,112404.57
63793,175076.03
-52756,-140771.76
89955,245975.05
-10435,-26081.85
-13317,-33892.07
72729,199292.59
-29174,-76864.54
73249,200701.79
98590,269375.9
-9374,-23206.54
61121,167834.91
15995,45543.45
-99728,-268065.88
22689,63684.19
-36812,-97563.52
-4319,-9507.49
-85578,-229719.38
-15838,-40723.98
25686,71806.06
-65932,-176478.72
-97470,-261946.7
21560,60624.6
89506,244758.26
-3881,-8320.51
22034,61909.14
-52769,-140806.99
-1771,-2602.41
-86712,-232792.52
-94537,-253998.27
-19118,-49612.78
-43329,-115224.59
63120,173252.2
6085,18687.35
58801,161547.71
-43939,-116877.69
-62610,-167476.1
77821,213091.91
55264,151962.44
10096,29557.16
44199,121976.29
74682,204585.22
-17540,-45336.4
89674,245213.54
83291,227915.61
36109,100052.39
28322,78949.62
-80590,-216201.9
-22497,-58769.87
-63274,-169275.54
-34248,-90615.08
-58951,-157560.21
-98620,-265063.2
48874,134645.54
36956,102347.76
52800,145285.0
22200,62359.0
-40116,-106517.36
43686,120586.06
76993,210848.03
-70123,-187836.33
94574,258492.54
-54954,-146728.34
52877,145493.67
-24643,-64585.53
-35880,-95037.8
-90848,-244001.08
-61203,-163663.13
11046,32131.66
-2471,-4499.41
40725,112561.75
6501,19814.71
-42368,-112620.28
-59135,-158058.85
38303,105998.13
-14189,-36255.19
94520,258346.2
8802,26050.42
-4516,-10041.36
-44636,-118766.56
9918,29074.78
-37780,-100186.8
-44817,-119257.07
-68747,-184107.37
-75956,-203643.76
-97536,-262125.56
31729,88182.59
-97429,-261835.59
-35829,-94899.59
2363,8600.73
65435,179525.85
60082,165019.22
-32044,-84642.24
18683,52827.93
-49194,-131118.74
-18339,-47501.69
62861,172550.31
-61088,-163351.48
89382,244422.22
57545,158143.95
65486,179664.06
89559,244901.89
-32980,-87178.8
44609,123087.39
63868,175279.28
12241,35370.11
-46378,-123487.38
15299,43657.29
84824,232070.04
-47406,-126273.26
38876,107550.96
58762,161442.02
-47575,-126731.25
-39425,-104644.75
45978,126797.38
-61881,-165500.51
-12346,-31260.66
-16900,-43602.0
62144,170607.24
30698,85388.58
-1273,-1252.83
-47753,-127213.63
297,3001.87
-61580,-164684.8
96371,263362.41
-64214,-171822.94
-39173,-103961.83
-91331,-245310.01
91226,249419.46
91362,249788.02
-85195,-228681.45
-71282,-190977.22
-19306,-50122.26
33926,94136.46
-94668,-254353.28
94017,256983.07
83239,227774.69
67652,185533.92
7345,22101.95
81254,222395.34
6404,19551.84
44423,122583.33
3192,10847.32
-98322,-264255.62
23144,64917.24
17777,50372.67
-88198,-236819.58
-16842,-43444.82
26240,73307.4
-77784,-208597.64
65868,180699.28
-75759,-203109.89
20783,58518.93
-9113,-22499.23
-27895,-73398.45
20411,57510.81
82931,226940.01
-8105,-19767.55
-70177,-187982.67
23095,64784.45
-58405,-156080.55
274,2939.54
80555,220501.05
-42022,-111682.62
91900,251246.0
-77373,-207483.83
18409,52085.39
-71944,-192771.24
60877,167173.67
-9525,-23615.75
89765,245460.15
59247,162756.37
-15876,-40826.96
78008,213598.68
-30088,-79341.48
84062,230005.02
1146,5302.66
27265,76085.15
-76014,-203800.94
-61824,-165346.04
-3417,-7063.07
-81699,-219207.29
64273,176376.83
-92918,-249610.78
-44006,-117059.26
-91647,-246166.37
-70560,-189020.6
34644,96082.24
92169,251974.99
-86792,-233009.32
-90327,-242589.17
78554,215078.34
-76538,-205220.98
98642,269516.82
-59264,-158408.44
37649,104225.79
-61403,-164205.13
4669,14849.99
-67142,-179757.82
-41135,-109278.85
95526,261072.46
91302,249625.42
17512,49654.52
85987,235221.77
84887,232240.77
83415,228251.65
-75906,-203508.26
32350,89865.5
59388,163138.48
-34068,-90127.28
-90607,-243347.97
-89771,-241082.41
93303,255048.13
17542,49735.82
-60372,-161411.12
63109,173222.39
70174,192368.54
-48696,-129769.16
-22887,-59826.77
-54818,-146359.78
28701,79976.71
79794,218438.74
26622,74342.62
-22047,-57550.37
28002,78082.42
-74020,-198397.2
-2925,-5729.75
-15694,-40333.74
23721,66480.91
99903,272934.13
84035,229931.85
73784,202151.64
-83281,-223494.51
-96426,-259117.46
7681,23012.51
-44748,-119070.08
-61962,-165720.02
-82579,-221592.09
-27241,-71626.11
80595,220609.45
-2168,-3678.28
-61476,-164402.96
8994,26570.74
-68403,-183175.13
18325,51857.75
71470,195880.7
23362,65508.02
-44902,-119487.42
-72083,-193147.93
-88979,-238936.09
55646,152997.66
-38359,-101755.89
18097,51239.87
99178,270969.38
27568,76906.28
76388,209208.48
1610,6560.1
59978,164737.38
-82754,-222066.34
-43492,-115666.32
-91151,-244822.21
-86921,-233358.91
3495,11668.45
-70653,-189272.63
-3871,-8293.41
-60002,-160408.42
-7873,-19138.83
-66888,-179069.48
-5438,-12539.98
-27818,-73189.78
-92912,-249594.52
97117,265384.07
99263,271199.73
88270,241408.7
66479,182355.09
-29760,-78452.6
6323,19332.33
29606,82429.26
4464,14294.44
56177,154436.67
66513,182447.23
26353,73613.63
-68956,-184673.76
17805,50448.55
-72245,-193586.95
-2180,-3710.8
56119,154279.49
84861,232170.31
-58114,-155291.94
-35049,-92785.79
15405,43944.55
-65487,-175272.77
-6397,-15138.87
83800,229295.0
-31457,-83051.47
99293,271281.03
-22665,-59225.15
93345,255161.95
-87867,-235922.57
-29805,-78574.55
-96962,-260570.02
87738,239966.98
64144,176027.24
-68620,-183763.2
63615,174593.65
-58631,-156693.01
-92662,-248917.02
-95672,-257074.12
-61526,-164538.46
-88552,-237778.92
-84511,-226827.81
-92205,-247678.55
14447,41348.37
-45317,-120612.07
89452,244611.92
98195,268305.45
-27627,-72672.17
34079,94551.09
-13185,-33534.35
-99060,-266255.6
-82294,-220819.74
62346,171154.66
-27328,-71861.88
-92926,-249632.46
79079,216501.09
-1020,-567.2
47462,130819.02
-61966,-165730.86
-42679,-113463.09
55579,152816.09
-3379,-6960.09
297,3001.87
36152,100168.92
17139,48643.69
72555,198821.05
43559,120241.89
-23746,-62154.66
-11349,-28558.79
-24662,-64637.02
-33720,-89184.2
46118,127176.78
-37018,-98121.78
-78180,-209670.8
55666,153051.86
-21979,-57366.09
1375,5923.25
-6345,-14997.95
-40063,-106373.73
45943,126702.53
14259,40838.89
-98512,-264770.52
52361,144095.31
-45324,-120631.04
-18534,-48030.14
-46691,-124335.61
-14278,-36496.38
-23067,-60314.57
-2517,-4624.07
-47924,-127677.04
91541,250273.11
40379,111624.09
-85356,-229117.76
75578,207013.38
45141,124529.11
42275,116762.25
97728,267039.88
-90964,-244315.44
-62078,-166034.38
-16610,-42816.1
43560,120244.6
-79676,-213724.96
-94444,-253746.24
-61430,-164278.3
78639,215308.69
-79906,-214348.26
66854,183371.34
-39375,-104509.25
8114,24185.94
-54639,-145874.69
-64240,-171893.4
-93101,-250106.71
81133,222067.43
31758,88261.18
18576,52537.96
55653,153016.63
60852,167105.92
-87139,-233949.69
18359,51949.89
-96700,-259860.0
17285,49039.35
54063,148707.73
-41340,-109834.4
29025,80854.75
63074,173127.54
-30358,-80073.18
-34595,-91555.45
7256,21860.76
27934,77898.14
-36038,-95465.98
47170,130027.7
40540,112060.4
77218,211457.78
-18388,-47634.48
-4692,-10518.32
-46725,-124427.75
-87435,-234751.85
90673,247920.83
49786,137117.06
85924,235051.04
62105,170501.55
-22687,-59284.77
-6239,-14710.69
-52288,-139503.48
360,3172.6
72855,199634.05
-99155,-266513.05
93893,256647.03
97848,267365.08
36138,100130.98
-69087,-185028.77
68500,187832.0
9002,26592.42
52290,143902.9
-4491,-9973.61
729,4172.59
-71606,-191855.26
-23446,-61341.66
93664,256026.44
-67835,-181635.85
83927,229639.17
31840,88483.4
57253,157352.63
-5290,-12138.9
-90599,-243326.29
97764,267137.44
30053,83640.63
-60533,-161847.43
22240,62467.4
-19530,-50729.3
85276,233294.96
-52541,-140189.11
25986,72619.06
81085,221937.35
36148,100158.08
54604,150173.84
-73443,-196833.53
84005,229850.55
-31321,-82682.91
-17946,-46436.66
-61388,-164164.48
36901,102198.71
38398,106255.58
-80712,-216532.52
-13071,-33225.41
1178,5389.38
79048,216417.08
74673,204560.83
-64319,-172107.49
-88534,-237730.14
-4488,-9965.48
51697,142295.87
18941,53527.11
-35911,-95121.81
19463,54941.73
-89025,-239060.75
63087,173162.77
17315,49120.65
-98529,-264816.59
73360,201002.6
3836,12592.56
-40002,-106208.42
81254,222395.34
91553,250305.63
53445,147032.95
31309,87044.39
-93443,-251033.53
-15200,-38995.0
-28403,-74775.13
-71182,-190706.22
16617,47229.07
-87519,-234979.49
34377,95358.67
-81523,-218730.33
-28626,-75379.46
66380,182086.8
-4787,-10775.77
57078,156878.38
49384,136027.64
-39719,-105441.49
-55266,-147573.86
48065,132453.15
83352,228080.92
70490,193224.9
-19867,-51642.57
55728,153219.88
-74355,-199305.05
80010,219024.1
-48792,-130029.32
7255,21858.05
-9229,-22813.59
-44757,-119094.47
-66831,-178915.01
-33226,-87845.46
-7982,-19434.22
-53226,-142045.46
-30586,-80691.06
-50763,-135370.73
-82178,-220505.38
55392,152309.32
-71469,-191483.99
-2056,-3374.76
-37743,-100086.53
79885,218685.35
91306,249636.26
-91807,-246599.97
35983,99710.93
6135,18822.85
45694,126027.74
-58852,-157291.92
61246,168173.66
-98231,-264009.01
664,3996.44
60340,165718.4
-22876,-59796.96
33486,92944.06
-74989,-201023.19
-57126,-152614.46
36665,101559.15
66392,182119.32
67876,186140.96
-58671,-156801.41
-71339,-191131.69
-42924,-114127.04
-15661,-40244.31
27672,77188.12
-19941,-51843.11
-86096,-231123.16
32547,90399.37
65657,180127.47
-32053,-84666.63
-49582,-132170.22
-38914,-103259.94
83555,228631.05
38817,107391.07
-54617,-145815.07
90154,246514.34
-97685,-262529.35
34309,95174.39
-95407,-256355.97
-94109,-252838.39
-94638,-254271.98
763,4264.73
35302,97865.42
48328,133165.88
82101,224690.71
-263,1484.27
72156,197739.76
91256,249500.76
53053,145970.63
68262,187187.02
69032,189273.72
52696,145003.16
-705,286.45
-12296,-31125.16
-77399,-207554.29
53034,145919.14
24956,69827.76
-621,514.09
72125,197655.75
85177,233026.67
-86046,-230987.66
65187,178853.77
6815,20665.65
-31378,-82837.38
-36145,-95755.95
47490,130894.9
-3510,-7315.1
-80362,-215584.02
21707,61022.97
-35651,-94417.21
-2644,-4968.24
-61126,-163454.46
-11183,-28108.93
-57523,-153690.33
-11461,-28862.31
-5872,-13716.12
-83842,-225014.82
-95247,-255922.37
-11546,-29092.66
-39299,-104303.29
-60374,-161416.54
-67798,-181535.58
-37323,-98948.33
-6974,-16702.54
-18371,-47588.41
50507,139070.97
-47691,-127045.61
23987,67201.77
79366,217278.86
-17777,-45978.67
72971,199948.41
-65604,-175589.84
32689,90784.19
63153,173341.63
79475,217574.25
-46284,-123232.64
-40720,-108154.2
-91985,-247082.35
-14043,-35859.53
-8481,-20786.51
9129,26936.59
56291,154745.61
-83688,-224597.48
-38649,-102541.79
71844,196894.24
69902,191631.42
-6911,-16531.81
-71646,-191963.66
-41605,-110552.55
-49312,-131438.52
-92107,-247412.97
375,3213.25
-38701,-102682.71
5999,18454.29
-46616,-124132.36
-38361,-101761.31
91533,250251.43
-35959,-95251.89
-89063,-239163.73
90652,247863.92
-52530,-140159.3
-7676,-18604.96
-48760,-129942.6
15082,43069.22
-6017,-14109.07
-11539,-29073.69
-49337,-131506.27
-53108,-141725.68
71235,195243.85
78178,214059.38
-21028,-54788.88
-65255,-174644.05
18829,53223.59
-82326,-220906.46
35261,97754.31
-4335,-9550.85
68481,187780.51
-75517,-202454.07
69652,190953.92
-38718,-102728.78
21908,61567.68
34000,94337.0
82924,226921.04
-75834,-203313.14
74543,204208.53
29933,83315.43
85936,235083.56
90320,246964.2
96323,263232.33
9973,29223.83
-35427,-93810.17
50559,139211.89
91718,250752.78
66992,183745.32
40848,112895.08
51969,143032.99
9387,27635.77
-12900,-32762.0
-38049,-100915.79
-7942,-19325.82
1581,6481.51
72414,198438.94
-2453,-4450.63
50827,139938.17
97010,265094.1
-712,267.48
87696,239853.16
-46319,-123327.49
2113,7923.23
-74253,-199028.63
-41881,-111300.51
-3339,-6851.69
2587,9207.77
83142,227511.82
-31048,-81943.08
-37116,-98387.36
18535,52426.85
78363,214560.73
-24830,-65092.3
16995,48253.45
-70301,-188318.71
-67790,-181513.9
-13453,-34260.63
-41923,-111414.33
84400,230921.0
-84448,-226657.08
70803,194073.13
-2457,-4461.47
6454,19687.34
93108,254519.68
95809,261839.39
-66423,-177809.33
-34008,-89964.68
20341,57321.11
-62171,-166286.41
-86615,-232529.65
35967,99667.57
60842,167078.82
-27883,-73365.93
-15560,-39970.6
3497,11673.87
23480,65827.8
83925,229633.75
52302,143935.42
-76336,-204673.56
-67276,-180120.96
64101,175910.71
-99772,-268185.12
-69222,-185394.62
-15474,-39737.54
40712,112526.52
89492,244720.32
80564,220525.44
263,2909.73
-79803,-214069.13
34995,97033.45
-7033,-16862.43
75415,206571.65
-35581,-94227.51
-67670,-181188.7
-97971,-263304.41
80415,220121.65
-29562,-77916.02
78041,213688.11
58254,160065.34
58133,159737.43
23036,64624.56
-89240,-239643.4
-18786,-48713.06
-18841,-48862.11
96104,262638.84
41316,114163.36
6611,20112.81
7968,23790.28
62494,171555.74
-1037,-613.27
-72610,-194576.1
-18121,-46910.91
-41932,-111438.72
18309,51814.39
-9245,-22856.95
-21059,-54872.89
-70326,-188386.46
-61316,-163969.36
34616,96006.36
77887,213270.77
34121,94664.91
91133,249167.43
-14339,-36661.69
-15070,-38642.7
-33736,-89227.56
98652,269543.92
-68437,-183267.27
76634,209875.14
-23074,-60333.54
27737,77364.27
57711,158593.81
-11541,-29079.11
77253,211552.63
43074,118927.54
9054,26733.34
-78338,-210098.98
64178,176119.38
8572,25427.12
80532,220438.72
-24346,-63780.66
91624,250498.04
75288,206227.48
-58627,-156682.17
15154,43264.34
-45341,-120677.11
-23066,-60311.86
37492,103800.32
84807,232023.97
-29299,-77203.29
-59496,-159037.16
-81996,-220012.16
84126,230178.46
43003,118735.13
58916,161859.36
-76488,-205085.48
-80838,-216873.98
86530,236693.3
-29418,-77525.78
40815,112805.65
-99674,-267919.54
66866,183403.86
-71461,-191462.31
42982,118678.22
-8263,-20195.73
-13416,-34160.36
-65519,-175359.49
65394,179414.74
5025,15814.75
97302,265885.42
44233,122068.43
58260,160081.6
29744,82803.24
-50136,-133671.56
20763,58464.73
-27158,-71401.18
-76165,-204210.15
64714,177571.94
-35919,-95143.49
53684,147680.64
-37088,-98311.48
97820,267289.2
47072,129762.12
66092,181306.32
84753,231877.63
-45918,-122240.78
-25365,-66542.15
-76085,-203993.35
-9819,-24412.49
-66913,-179137.23
99591,272088.61
-81148,-217714.08
-48475,-129170.25
-45945,-122313.95
76740,210162.4
-87148,-233974.08
-44530,-118479.3
19630,55394.3
-73890,-198044.9
-74271,-199077.41
-41306,-109742.26
-43226,-114945.46
-71040,-190321.4
-3100,-6204.0
-59433,-158866.43
343,3126.53
37962,105074.02
-58882,-157373.22
-48977,-130530.67
52365,144106.15
-6902,-16507.42
-77875,-208844.25
16881,47944.51
-36439,-96552.69
29622,82472.62
-54359,-145115.89
-93914,-252309.94
-23938,-62674.98
59280,162845.8
-16116,-41477.36
-35107,-92942.97
27107,75656.97
96091,262603.61
-79346,-212830.66
-78763,-211250.73
-22031,-57507.01
-54990,-146825.9
-24853,-65154.63
-39309,-104330.39
-51147,-136411.37
-13038,-33135.98
99552,271982.92
-40976,-108847.96
46001,126859.71
44023,121499.33
-75512,-202440.52
-77257,-207169.47
37102,102743.42
-38493,-102119.03
24914,69713.94
38627,106876.17
-13840,-35309.4
15198,43383.58
-43199,-114872.29
83083,227351.93
79853,218598.63
43641,120464.11
83048,227257.08
22693,63695.03
70411,193010.81
45807,126333.97
-83902,-225177.42
-43236,-114972.56
-66279,-177419.09
-25465,-66813.15
-89434,-240169.14
6766,20532.86
12826,36955.46
50580,139268.8
99943,273042.53
-51002,-136018.42
9954,29172.34
-41310,-109753.1
11283,32773.93
-92308,-247957.68
35719,98995.49
-33409,-88341.39
22019,61868.49
96724,264319.04
-34981,-92601.51
50102,137973.42
-50595,-134915.45
80912,221468.52
-2504,-4588.84
-59520,-159102.2
49867,137336.57
-30747,-81127.37
-26969,-70888.99
-24085,-63073.35
17685,50123.35
-28266,-74403.86
96686,264216.06
41465,114567.15
-37211,-98644.81
-32220,-85119.2
-98006,-263399.26
35446,98255.66
89074,243587.54
28497,79423.87
-32599,-86146.29
80683,220847.93
36206,100315.26
-42110,-111921.1
-58141,-155365.11
-29082,-76615.22
30340,84418.4
27541,76833.11
-32153,-84937.63
-42987,-114297.77
48770,134363.7
-26023,-68325.33
-72645,-194670.95
-80665,-216405.15
66416,182184.36
72071,197509.41
-86166,-231312.86
-34001,-89945.71
91937,251346.27
-2349,-4168.79
-57168,-152728.28
7384,22207.64
66639,182788.69
-44260,-117747.6
37242,103122.82
-44331,-117940.01
-30149,-79506.79
-83161,-223169.31
82156,224839.76
-19889,-51702.19
-48364,-128869.44
-25008,-65574.68
52704,145024.84
-79159,-212323.89
-18594,-48192.74
-80229,-215223.59
72095,197574.45
50295,138496.45
81720,223658.2
15439,44036.69
-78515,-210578.65
9069,26773.99
-10945,-27463.95
82496,225761.16
51183,140902.93
-85814,-230358.94
50443,138897.53
57023,156729.33
-48472,-129162.12
-35364,-93639.44
67869,186121.99
24138,67610.98
50145,138089.95
-90707,-243618.97
-42903,-114070.13
53160,146260.6
66476,182346.96
58343,160306.53
-31209,-82379.39
39901,110328.71
7745,23185.95
13778,39535.38
14152,40548.92
52110,143415.1
-60797,-162562.87
49399,136068.29
68494,187815.74
63871,175287.41
53720,147778.2
-11400,-28697.0
-98981,-266041.51
97040,265175.4
-47193,-125696.03
66324,181935.04
65156,178769.76
31930,88727.3
75521,206858.91
-75257,-201749.47
-1013,-548.23
65542,179815.82
31244,86868.24
73479,201325.09
74310,203577.1
8796,26034.16
-26474,-69547.54
58621,161059.91
37393,103532.03
3741,12335.11
-25938,-68094.98
-62261,-166530.31
2949,10188.79
-17926,-46382.46
-99301,-266908.71
-70735,-189494.85
-3611,-7588.81
-25222,-66154.62
81890,224118.9
-50181,-133793.51
-2811,-5420.81
-8242,-20138.82
30999,86204.29
-21568,-56252.28
97255,265758.05
19037,53787.27
-26204,-68815.84
-41544,-110387.24
-17096,-44133.16
-15262,-39163.02
-98894,-265805.74
14920,42630.2
-75647,-202806.37
46675,128686.25
-10078,-25114.38
-54571,-145690.41
-68354,-183042.34
7136,21535.56
11695,33890.45
-69570,-186337.7
-37419,-99208.49
-1776,-2615.96
82591,226018.61
31765,88280.15
-59625,-159386.75
50736,139691.56
-74937,-200882.27
-40475,-107490.25
30188,84006.48
-77164,-206917.44
-55416,-147980.36
56766,156032.86
-11419,-28748.49
98055,267926.05
-49323,-131468.33
58664,161176.44
39338,108802.98
44456,122672.76
-6956,-16653.76
38851,107483.21
-81965,-219928.15
3284,11096.64
75336,206357.56
-36896,-97791.16
-48622,-129568.62
-781,80.49
-83893,-225153.03
-25273,-66292.83
-98868,-265735.28
-27292,-71764.32
83936,229663.56
93603,255861.13
73305,200853.55
-34168,-90398.28
-65439,-175142.69
66518,182460.78
-56415,-150687.65
55237,151889.27
65663,180143.73
-58428,-156142.88
50675,139526.25
-36474,-96647.54
-73498,-196982.58
-23933,-62661.43
93745,256245.95
-59854,-160007.34
87132,238324.72
40287,111374.77
30647,85250.37
-93406,-250933.26
25650,71708.5
-76401,-204849.71
7782,23286.22
-68393,-183148.03
-76836,-206028.56
-22216,-58008.36
4022,13096.62
-47644,-126918.24
-31376,-82831.96
50370,138699.7
-10398,-25981.58
41155,113727.05
-63156,-168955.76
-70184,-188001.64
-30627,-80802.17
75869,207801.99
-78172,-209649.12
26621,74339.91
95157,260072.47
44110,121735.1
2885,10015.35
10724,31259.04
34991,97022.61
-95515,-256648.65
87632,239679.72
67451,184989.21
47306,130396.26
85369,233546.99
13783,39548.93
49449,136203.79
-29252,-77075.92
-42969,-114248.99
79003,216295.13
-85829,-230399.59
-44491,-118373.61
51564,141935.44
-31989,-84493.19
52325,143997.75
-80678,-216440.38
15828,45090.88
28678,79914.38
-41979,-111566.09
31496,87551.16
-73042,-195746.82
-75024,-201118.04
-68303,-182904.13
27760,77426.6
-10251,-25583.21
-94332,-253442.72
45047,124274.37
8616,25546.36
-24730,-64821.3
-14351,-36694.21
57862,159003.02
64138,176010.98
56501,155314.71
81563,223232.73
-17173,-44341.83
52509,144496.39
17508,49643.68
61276,168254.96
-39134,-103856.14
-88236,-236922.56
12487,36036.77
12949,37288.79
-787,64.23
-84296,-226245.16
-82083,-220247.93
92791,253660.61
92987,254191.77
78112,213880.52
-12365,-31312.15
-35857,-94975.47
-65468,-175221.28
-10962,-27510.02
-48391,-128942.61
-23650,-61894.5
31751,88242.21
16099,45825.29
17544,49741.24
-59840,-159969.4
-40758,-108257.18
-60685,-162259.35
57465,157927.15
-86602,-232494.42
98867,270126.57
-43881,-116720.51
-45712,-121682.52
-18733,-48569.43
-15758,-40507.18
-80977,-217250.67
86003,235265.13
645,3944.95
-3439,-7122.69
80669,220809.99
71495,195948.45
-51987,-138687.77
-1919,-3003.49
-85694,-230033.74
-27963,-73582.73
77491,212197.61
-21591,-56314.61
9886,28988.06
-19928,-51807.88
-13735,-35024.85
-40825,-108438.75
45967,126767.57
49184,135485.64
91714,250741.94
15048,42977.08
84842,232118.82
40978,113247.38
63426,174081.46
-51710,-137937.1
-78451,-210405.21
50618,139371.78
-80269,-215331.99
51590,142005.9
97006,265083.26
93097,254489.87
30358,84467.18
68397,187552.87
68442,187674.82
-38628,-102484.88
12187,35223.77
-48476,-129172.96
39075,108090.25
35075,97250.25
-67396,-180446.16
-36604,-96999.84
-51647,-137766.37
-36885,-97761.35
30834,85757.14
-56052,-149703.92
-26365,-69252.15
-57220,-152869.2
35023,97109.33
-54465,-145403.15
55805,153428.55
95995,262343.45
41469,114577.99
-20426,-53157.46
-63638,-170261.98
35248,97719.08
75221,206045.91
-38735,-102774.85
-93738,-251832.98
-97377,-261694.67
85227,233162.17
55788,153382.48
52300,143930.0
-98022,-263442.62
-51958,-138609.18
-13121,-33360.91
-67968,-181996.28
28931,80600.01
-36945,-97923.95
81112,222010.52
-30543,-80574.53
70552,193392.92
67424,184916.04
-68736,-184077.56
-35338,-93568.98
6926,20966.46
60306,165626.26
67950,186341.5
56024,154022.04
1815,7115.65
-68418,-183215.78
75405,206544.55
15265,43565.15
9633,28302.43
-92850,-249426.5
81644,223452.24
-55037,-146953.27
-84032,-225529.72
70682,193745.22
-71409,-191321.39
-30602,-80734.42
-62410,-166934.1
-5703,-13258.13
63635,174647.85
84382,230872.22
-83043,-222849.53
-31810,-84008.1
-89157,-239418.47
-18707,-48498.97
-24431,-64011.01
-39403,-104585.13
82880,226801.8
-48241,-128536.11
-64933,-173771.43
-82316,-220879.36
-51570,-137557.7
-11904,-30062.84
-9123,-22526.33
76514,209549.94
-51888,-138419.48
-67209,-179939.39
86223,235861.33
90407,247199.97
-94309,-253380.39
-98706,-265296.26
-23507,-61506.97
12762,36782.02
71223,195211.33
-94822,-254770.62
3185,10828.35
44763,123504.73
-70608,-189150.68
-83924,-225237.04
40446,111805.66
-64146,-171638.66
5527,17175.17
10104,29578.84
7585,22752.35
-46421,-123603.91
15519,44253.49
-31791,-83956.61
55961,153851.31
-78436,-210364.56
-38844,-103070.24
-38707,-102698.97
19862,56023.02
1539,6367.69
-57970,-154901.7
88307,241508.97
-55158,-147281.18
87553,239465.63
-20897,-54433.87
69592,190791.32
-26952,-70842.92
-31928,-84327.88
46143,127244.53
15889,45256.19
50760,139756.6
4069,13223.99
60421,165937.91
62421,171357.91
-70556,-189009.76
-59254,-158381.34
-33130,-87585.3
-13453,-34260.63
20418,57529.78
-3435,-7111.85
-52954,-141308.34
-82341,-220947.11
-48344,-128815.24
69331,190084.01
85297,233351.87
29455,82020.05
35542,98515.82
-69944,-187351.24
-4328,-9531.88
92419,252652.49
36327,100643.17
1451,6129.21
88650,242438.5
-9178,-22675.38
83892,229544.32
-49492,-131926.32
36900,102196.0
80360,219972.6
-72629,-194627.59
7831,23419.01
-87363,-234556.73
5654,17519.34
-1539,-1973.69
14637,41863.27
55819,153466.49
-2529,-4656.59
-81443,-218513.53
3582,11904.22
-44360,-118018.6
20384,57437.64
-80137,-214974.27
-16481,-42466.51
-919,-293.49
86480,236557.8
84276,230584.96
4625,14730.75
61496,168851.16
65316,179203.36
-2945,-5783.95
-3723,-7892.33
33234,92261.14
-42653,-113392.63
-84939,-227987.69
45553,125645.63
71881,196994.51
-73949,-198204.79
86979,237910.09
-28744,-75699.24
3023,10389.33
-58750,-157015.5
-64982,-173904.22
-55838,-149123.98
-1641,-2250.11
-25836,-67818.56
-39785,-105620.35
-36848,-97661.08
35999,99754.29
-20668,-53813.28
46778,128965.38
-30462,-80355.02
24928,69751.88
-93822,-252060.62
29579,82356.09
-69427,-185950.17
8921,26372.91
-66933,-179191.43
40029,110675.59
-61692,-164988.32
74891,205151.61
6172,18923.12
-41113,-109219.23
-61735,-165104.85
-32031,-84607.01
22983,64480.93
-71829,-192459.59
25228,70564.88
71621,196289.91
12235,35353.85
-557,687.53
-38292,-101574.32
49125,135325.75
-39700,-105390.0
-49564,-132121.44
-55628,-148554.88
38242,105832.82
-41559,-110427.89
-89926,-241502.46
45256,124840.76
-40820,-108425.2
-46136,-122831.56
-36398,-96441.58
8990,26559.9
-2222,-3824.62
-72379,-193950.09
28496,79421.16
21467,60372.57
25968,72570.28
-76144,-204153.24
81720,223658.2
71286,195382.06
53310,146667.1
92749,253546.79
37930,104987.3
61024,167572.04
-65337,-174866.27
3523,11744.33
-19242,-49948.82
26829,74903.59
-34957,-92536.47
-1756,-2561.76
-51085,-136243.35
-75722,-203009.62
-73517,-197034.07
-13526,-34458.46
86955,237845.05
21886,61508.06
-31428,-82972.88
45250,124824.5
-90711,-243629.81
-26682,-70111.22
-26971,-70894.41
66838,183327.98
25215,70529.65
-98071,-263575.41
-62767,-167901.57
-65040,-174061.4
97816,267278.36
-5810,-13548.1
95048,259777.08
59054,162233.34
47361,130545.31
-70243,-188161.53
89121,243714.91
12279,35473.09
-11960,-30214.6
-77776,-208575.96
-61769,-165196.99
-73080,-195849.8
-44678,-118880.38
83705,229037.55
33633,93342.43
-64007,-171261.97
-43948,-116902.08
-55248,-147525.08
-86839,-233136.69
-21253,-55398.63
77973,213503.83
-36392,-96425.32
-31128,-82159.88
50166,138146.86
46671,128675.41
4,2207.84
87297,238771.87
84795,231991.45
-10115,-25214.65
7634,22885.14
63922,175425.62
37714,104401.94
80577,220560.67
63471,174203.41
66640,182791.4
25135,70312.85
-69,2010.01
-45004,-119763.84
62640,171951.4
7380,22196.8
-17059,-44032.89
71398,195685.58
83908,229587.68
-12626,-32019.46
-43450,-115552.5
-40600,-107829.0
-19564,-50821.44
613,3858.23
-15580,-40024.8
-30131,-79458.01
-4865,-10987.15
-94858,-254868.18
-95600,-256879.0
-28815,-75891.65
-7263,-17485.73
-6963,-16672.73
77194,211392.74
17692,50142.32
-95296,-256055.16
-50638,-135031.98
-26282,-69027.22
-41753,-110953.63
32225,89526.75
13100,37698.0
-72758,-194977.18
95860,261977.6
-23594,-61742.74
-81840,-219589.4
54487,149856.77
-49553,-132091.63
2340,8538.4
-29386,-77439.06
-26806,-70447.26
20394,57464.74
59757,164138.47
-26179,-68748.09
81966,224324.86
7288,21947.48
71466,195869.86
83994,229820.74
-96340,-258884.4
65408,179452.68
-45466,-121015.86
-27185,-71474.35
-83208,-223296.68
-39745,-105511.95
45881,126534.51
91021,248863.91
44270,122168.7
55302,152065.42
-83239,-223380.69
-29255,-77084.05
-22352,-58376.92
-91353,-245369.63
-51399,-137094.29
52214,143696.94
66249,181731.79
-1321,-1382.91
-2161,-3659.31
-66421,-177803.91
47559,131081.89
91965,251422.15
-69126,-185134.46
-20095,-52260.45
-14972,-38377.12
97570,266611.7
-69884,-187188.64
92914,253993.94
-37375,-99089.25
8593,25484.03
24650,68998.5
62297,171021.87
-7472,-18052.12
94830,259186.3
54665,150339.15
-40337,-107116.27
-93173,-250301.83
-25351,-66504.21
-11527,-29041.17
-10750,-26935.5
-56767,-151641.57
-22839,-59696.69
-28245,-74346.95
35944,99605.24
23964,67139.44
-83417,-223863.07
-39763,-105560.73
16356,46521.76
14665,41939.15
-92358,-248093.18
-57436,-153454.56
25971,72578.41
79678,218124.38
-89584,-240575.64
-59313,-158541.23
53562,147350.02
41676,115138.96
-54832,-146397.72
-57990,-154955.9
-40911,-108671.81
8716,25817.36
-81554,-218814.34
99044,270606.24
-11948,-30182.08
61099,167775.29
-79168,-212348.28
38974,107816.54
68693,188355.03
2695,9500.45
96883,264749.93
-59870,-160050.7
87582,239544.22
-23418,-61265.78
-89524,-240413.04
42232,116645.72
66414,182178.94
-92639,-248854.69
-72040,-193031.4
67406,184867.26
59939,164631.69
31807,88393.97
9953,29169.63
-72867,-195272.57
-37178,-98555.38
-49299,-131403.29
2791,9760.61
10817,31511.07
34381,95369.51
-51451,-137235.21
65433,179520.43
-34629,-91647.59
96551,263850.21
-54555,-145647.05
69841,191466.11
17632,49979.72
49553,136485.63
67270,184498.7
27003,75375.13
-35292,-93444.32
68651,188241.21
-92081,-247342.51
76209,208723.39
61626,169203.46
90417,247227.07
63252,173609.92
-83322,-223605.62
39314,108737.94
-56934,-152094.14
-32851,-86829.21
7004,21177.84
71734,196596.14
34135,94702.85
69043,189303.53
-36302,-96181.42
59267,162810.57
-98027,-263456.17
-39604,-105129.84
27362,76348.02
-11174,-28084.54
-17085,-44103.35
-831,-55.01
-59673,-159516.83
9941,29137.11
-84789,-227581.19
-17282,-44637.22
-5316,-12209.36
-51743,-138026.53
48449,133493.79
-80200,-215145.0
-79918,-214380.78
-63208,-169096.68
65361,179325.31
63929,175444.59
6414,19578.94
25979,72600.09
27007,75385.97
-12121,-30650.91
-14026,-35813.46
65802,180520.42
-55653,-148622.63
66539,182517.69
-90109,-241998.39
28554,79578.34
38889,107586.19
-15304,-39276.84
-37589,-99669.19
-15539,-39913.69
-67720,-181324.2
-82933,-222551.43
-44173,-117511.83
-23859,-62460.89
74554,204238.34
65702,180249.42
3808,12516.68
6943,21012.53
69900,191626.0
-21078,-54924.38
77575,212425.25
98683,269627.93
71558,196119.18
78474,214861.54
55865,153591.15
-89450,-240212.5
-51746,-138034.66
74686,204596.06
-7831,-19025.01
-3200,-6475.0
70005,191910.55
36195,100285.45
-18751,-48618.21
86342,236183.82
-66782,-178782.22
-68048,-182213.08
72731,199298.01
47984,132233.64
68270,187208.7
22254,62505.34
-65601,-175581.71
-91880,-246797.8
-82749,-222052.79
-94104,-252824.84
-10575,-26461.25
63665,174729.15
60339,165715.69
-50570,-134847.7
-38929,-103300.59
59346,163024.66
67306,184596.26
-50951,-135880.21
-24341,-63767.11
-30927,-81615.17
87635,239687.85
795,4351.45
-48403,-128975.13
-54909,-146606.39
16458,46798.18
-79114,-212201.94
-29465,-77653.15
-29542,-77861.82
-56553,-151061.63
-91913,-246887.23
-21848,-57011.08
86695,237140.45
-54324,-145021.04
2401,8703.71
-99447,-267304.37
-32100,-84794.0
-66603,-178297.13
-5017,-11399.07
67822,185994.62
-98241,-264036.11
-85040,-228261.4
27910,77833.1
-66641,-178400.11
18383,52014.93
-22361,-58401.31
71971,197238.41
-35951,-95230.21
95503,261010.13
-3422,-7076.62
89289,244170.19
77506,212238.26
-724,234.96
-16616,-42832.36
62910,172683.1
80429,220159.59
-80871,-216963.41
1965,7522.15
48610,133930.1
24798,69399.58
40365,111586.15
-22887,-59826.77
35061,97212.31
42158,116445.18
2233,8248.43
32433,90090.43
-10462,-26155.02
-65192,-174473.32
13974,40066.54
-75584,-202635.64
95240,260297.4
-62912,-168294.52
-58734,-156972.14
-88156,-236705.76
-1756,-2561.76
-9962,-24800.02
-95001,-255255.71
-46308,-123297.68
-69032,-184879.72
35176,97523.96
-86782,-232982.22
57506,158038.26
-86080,-231079.8
-11333,-28515.43
-38010,-100810.1
58048,159507.08
51935,142940.85
-47110,-125471.1
89823,245617.33
98814,269982.94
99549,271974.79
-43173,-114801.83
-62744,-167839.24
49848,137285.08
-80599,-216226.29
78138,213950.98
-89217,-239581.07
33163,92068.73
85195,233075.45
-92666,-248927.86
99630,272194.3
-59444,-158896.24
65740,180352.4
-77755,-208519.05
70647,193650.37
72734,199306.14
-97551,-262166.21
-44720,-118994.2
26374,73670.54
75018,205495.78
-24611,-64498.81
-96060,-258125.6
33407,92729.97
3779,12438.09
-24554,-64344.34
9276,27334.96
56552,155452.92
520,3606.2
-87319,-234437.49
967,4817.57
72785,199444.35
-83943,-225288.53
38938,107718.98
-77855,-208790.05
-58010,-155010.1
-40020,-106257.2
-41125,-109251.75
57657,158447.47
-46585,-124048.35
32678,90754.38
-80768,-216684.28
-73040,-195741.4
70129,192246.59
64023,175699.33
-26587,-69853.77
99873,272852.83
-84706,-227356.26
31069,86393.99
76428,209316.88
1092,5156.32
81598,223327.58
56315,154810.65
44485,122751.35
59958,164683.18
-45961,-122357.31
75170,205907.7
88057,240831.47
-94417,-253673.07
13615,39093.65
-39583,-105072.93
98484,269088.64
97481,266370.51
92906,253972.26
-21192,-55233.32
-33165,-87680.15
-2691,-5095.61
21278,59860.38
34046,94461.66
-44486,-118360.06
85586,234135.06
-63603,-170167.13
80313,219845.23
-45488,-121075.48
-50114,-133611.94
94426,258091.46
63874,175295.54
58713,161309.23
-79951,-214470.21
-6459,-15306.89
-14971,-38374.41
38735,107168.85
88566,242210.86
-13368,-34030.28
-31834,-84073.14
78659,215362.89
-51844,-138300.24
-66139,-177039.69
37583,104046.93
39442,109084.82
74324,203615.04
-63099,-168801.29
6557,19966.47
-16559,-42677.89
91485,250121.35
59758,164141.18
-43222,-114934.62
10829,31543.59
50058,137854.18
80967,221617.57
15319,43711.49
52252,143799.92
23269,65255.99
-86602,-232494.42
-20948,-54572.08
-14102,-36019.42
-20673,-53826.83
74550,204227.5
46432,128027.72
-60985,-163072.35
80497,220343.87
76184,208655.64
31014,86244.94
9509,27966.39
40518,112000.78
-78797,-211342.87
-74835,-200605.85
-47714,-127107.94
-57537,-153728.27
53478,147122.38
92867,253866.57
24619,68914.49
35181,97537.51
-14104,-36024.84
11151,32416.21
68176,186953.96
-65700,-175850.0
57094,156921.74
84287,230614.77
72340,198238.4
14230,40760.3
89085,243617.35
6958,21053.18
87950,240541.5
31778,88315.38
-52566,-140256.86
-49143,-130980.53
66350,182005.5
9906,29042.26
61800,169675.0
-66665,-178465.15
27583,76946.93
76711,210083.81
-49578,-132159.38
-79518,-213296.78
-25864,-67894.44
14153,40551.63
73247,200696.37
-71621,-191895.91
-82480,-221323.8
43445,119932.95
33402,92716.42
13324,38305.04
11206,32565.26
4275,13782.25
16965,48172.15
16654,47329.34
30123,83830.33
68339,187395.69
-32947,-87089.37
-99018,-266141.78
15444,44050.24
57871,159027.41
-96058,-258120.18
-21932,-57238.72
96671,264175.41
-55218,-147443.78
99694,272367.74
99187,270993.77
10017,29343.07
83955,229715.05
48626,133973.46
71541,196073.11
21073,59304.83
-68853,-184394.63
-96022,-258022.62
41873,115672.83
70280,192655.8
20341,57321.11
25375,70963.25
-57998,-154977.58
-16083,-41387.93
-10613,-26564.23
54760,150596.6
7094,21421.74
-54246,-144809.66
-34341,-90867.11
97953,267649.63
8926,26386.46
-7874,-19141.54
70564,193425.44
49630,136694.3
-39177,-103972.67
-56380,-150592.8
93906,256682.26
9710,28511.1
-86482,-232169.22
63104,173208.84
84020,229891.2
-745,178.05
86872,237620.12
5593,17354.03
-2893,-5643.03
63350,173875.5
42115,116328.65
-77069,-206659.99
49393,136052.03
33695,93510.45
68649,188235.79
75591,207048.61
22809,64009.39
-74333,-199245.43
-46318,-123324.78
-65527,-175381.17
-20031,-52087.01
-45248,-120425.08
-71062,-190381.02
8535,25326.85
76874,210525.54
-3162,-6372.02
-41078,-109124.38
-18679,-48423.09
-41184,-109411.64
87923,240468.33
-43062,-114501.02
-96531,-259402.01
89080,243603.8
19578,55253.38
-31498,-83162.58
3762,12392.02
-76296,-204565.16
84419,230972.49
76550,209647.5
-67263,-180085.73
20522,57811.62
-61720,-165064.2
31344,87139.24
84133,230197.43
-28421,-74823.91
62222,170818.62
95429,260809.59
91824,251040.04
-3745,-7951.95
38276,105924.96
-93794,-251984.74
-12240,-30973.4
-62748,-167850.08
-37740,-100078.4
-7664,-18572.44
74984,205403.64
-5517,-12754.07
-29701,-78292.71
8749,25906.79
-8880,-21867.8
49074,135187.54
-13232,-33661.72
-78445,-210388.95
-31878,-84192.38
6730,20435.3
-56334,-150468.14
3683,12177.93
-56202,-150110.42
34153,94751.63
51777,142512.67
-85069,-228339.99
-61216,-163698.36
-44098,-117308.58
-54602,-145774.42
80301,219812.71
98449,268993.79
52682,144965.22
-95613,-256914.23
-11369,-28612.99
-5339,-12271.69
29004,80797.84
34500,95692.0
-46165,-122910.15
-83202,-223280.42
1856,7226.76
11933,34535.43
-43689,-116200.19
28579,79646.09
-86285,-231635.35
19985,56356.35
57472,157946.12
-51038,-136115.98
-92885,-249521.35
-5127,-11697.17
-82956,-222613.76
-38623,-102471.33
-14264,-36458.44
-32213,-85100.23
-6663,-15859.73
55790,153387.9
86804,237435.84
1238,5551.98
-13548,-34518.08
5048,15877.08
-8363,-20466.73
-52802,-140896.42
-17800,-46041.0
51307,141238.97
58241,160030.11
-70591,-189104.61
71948,197176.08
80773,221091.83
77995,213563.45
-57075,-152476.25
45549,125634.79
55576,152807.96
-50660,-135091.6
21584,60689.64
69281,189948.51
3707,12242.97
-53397,-142508.87
21538,60564.98
86070,235446.7
-26605,-69902.55
79438,217473.98
88818,242893.78
5121,16074.91
48899,134713.29
-84601,-227071.71
-70377,-188524.67
90806,248281.26
-39016,-103536.36
89852,245695.92
-17283,-44639.93
-71196,-190744.16
3954,12912.34
-3536,-7385.56
-4651,-10407.21
87410,239078.1
55032,151333.72
77720,212818.2
92117,251834.07
70432,193067.72
12303,35538.13
-22561,-58943.31
-65703,-175858.13
8700,25774.0
50632,139409.72
-10631,-26613.01
-33129,-87582.59
16206,46115.26
15279,43603.09
36226,100369.46
74588,204330.48
-63289,-169316.19
-59902,-160137.42
-1324,-1391.04
13350,38375.5
-99267,-266816.57
-87020,-233627.2
-16206,-41721.26
88883,243069.93
-6222,-14664.62
-38482,-102089.22
10396,30370.16
-5216,-11938.36
-67501,-180730.71
67265,184485.15
63658,174710.18
-88139,-236659.69
2727,9587.17
73925,202533.75
4094,13291.74
-58633,-156698.43
-92749,-249152.79
8469,25147.99
33408,92732.68
91917,251292.07
-89076,-239198.96
34779,96448.09
25689,71814.19
-81650,-219074.5
-59647,-159446.37
42614,117680.94
7755,23213.05
3229,10947.59
-15716,-40393.36
-506,825.74
-75599,-202676.29
-19941,-51843.11
-1708,-2431.68
-28267,-74406.57
-57403,-153365.13
40237,111239.27
-92660,-248911.6
-65092,-174202.32
92827,253758.17
-50292,-134094.32
-4600,-10269.0
6674,20283.54
6192,18977.32
39211,108458.81
-71093,-190465.03
-25288,-66333.48
-2211,-3794.81
7884,23562.64
53626,147523.46
-6303,-14884.13
-5938,-13894.98
-20202,-52550.42
-2170,-3683.7
-72612,-194581.52
-63929,-171050.59
-51734,-138002.14
73847,202322.37
99544,271961.24
26189,73169.19
-25252,-66235.92
-29644,-78138.24
-68698,-183974.58
27787,77499.77
38001,105179.71
-24166,-63292.86
-68959,-184681.89
14696,42023.16
-63462,-169785.02
66617,182729.07
-52111,-139023.81
23186,65031.06
-74056,-198494.76
45273,124886.83
75129,205796.59
-36778,-97471.38
63771,175016.41
35780,99160.8
84429,230999.59
38518,106580.78
-44345,-117977.95
-88710,-238207.1
18069,51163.99
-4895,-11068.45
-34829,-92189.59
56384,154997.64
25544,71421.24
61374,168520.54
-15681,-40298.51
-88092,-236532.32
-90520,-243112.2
-26388,-69314.48
-79253,-212578.63
-94094,-252797.74
-80886,-217004.06
-69553,-186291.63
-85101,-228426.71
43915,121206.65
292,2988.32
73670,201842.7
-2123,-3556.33
84254,230525.34
39926,110396.46
80325,219877.75
57359,157639.89
-65238,-174597.98
-68383,-183120.93
80962,221604.02
66819,183276.49
-94030,-252624.3
48906,134732.26
31604,87843.84
-99071,-266285.41
-79530,-213329.3
52285,143889.35
-83155,-223153.05
-91413,-245532.23
-255,1505.95
56671,155775.41
-30274,-79845.54
5245,16410.95
81164,222151.44
-93174,-250304.54
-91628,-246114.88
4829,15283.59
-63629,-170237.59
69136,189555.56
62967,172837.57
97988,267744.48
89890,245798.9
-37116,-98387.36
94674,258763.54
-65370,-174955.7
-41925,-111419.75
86954,237842.34
-83098,-222998.58
44817,123651.07
-62041,-165934.11
63764,174997.44
-98214,-263962.94
97688,266931.48
-23123,-60466.33
-7765,-18846.15
38071,105369.41
-79920,-214386.2
84880,232221.8
-10311,-25745.81
-43136,-114701.56
-91343,-245342.53
21634,60825.14
-37932,-100598.72
35450,98266.5
84858,232162.18
-33764,-89303.44
-53177,-141912.67
-2146,-3618.66
-92123,-247456.33
23958,67123.18
-7855,-19090.05
88059,240836.89
-86919,-233353.49
-30590,-80701.9
-45603,-121387.13
44260,122141.6
-37539,-99533.69
95186,260151.06
28174,78548.54
11866,34353.86
3000,10327.0
7199,21706.29
-47379,-126200.09
36866,102103.86
-18518,-47986.78
-49853,-132904.63
-50090,-133546.9
35515,98442.65
-21376,-55731.96
37546,103946.66
71301,195422.71
-48933,-130411.43
-91650,-246174.5
-73087,-195868.77
-95942,-257805.82
24727,69207.17
96949,264928.79
-37427,-99230.17
-58792,-157129.32
-75577,-202616.67
28367,79071.57
-43057,-114487.47
-42394,-112690.74
-3062,-6101.02
13755,39473.05
6778,20565.38
58102,159653.42
-3711,-7859.81
-61324,-163991.04
-87754,-235616.34
38982,107838.22
-95558,-256765.18
67501,185124.71
87927,240479.17
-44276,-117790.96
-91447,-245624.37
-72933,-195451.43
-53886,-143834.06
-8256,-20176.76
-64873,-173608.83
15190,43361.9
19953,56269.63
39585,109472.35
31619,87884.49
-30278,-79856.38
79814,218492.94
83587,228717.77
12044,34836.24
-92329,-248014.59
16249,46231.79
-43811,-116530.81
53594,147436.74
55387,152295.77
-74154,-198760.34
-98490,-264710.9
90273,246836.83
-88302,-237101.42
17263,48979.73
-72446,-194131.66
-28126,-74024.46
55238,151891.98
-90819,-243922.49
30699,85391.29
-50497,-134649.87
37747,104491.37
-75532,-202494.72
-17898,-46306.58
-6975,-16705.25
75683,207297.93
4419,14172.49
6783,20578.93
-8313,-20331.23
97357,266034.47
24060,67399.6
46147,127255.37
99087,270722.77
70640,193631.4
-57816,-154484.36
-48765,-129956.15
64492,176970.32
48251,132957.21
40092,110846.32
65275,179092.25
2190,8131.9
-5515,-12748.65
-67953,-181955.63
54471,149813.41
-82333,-220925.43
60416,165924.36
-71642,-191952.82
-61232,-163741.72
3298,11134.58
-22003,-57431.13
-84987,-228117.77
-80880,-216987.8
-58042,-155096.82
-40572,-107753.12
78684,215430.64
92282,252281.22
-14483,-37051.93
26896,75085.16
-75415,-202177.65
74873,205102.83
23817,66741.07
-52263,-139435.73
-43597,-115950.87
5104,16028.84
42936,118553.56
-14720,-37694.2
-86278,-231616.38
-73632,-197345.72
69307,190018.97
19559,55201.89
53954,148412.34
-66970,-179291.7
30311,84339.81
-15136,-38821.56
61254,168195.34
-10889,-27312.19
49768,137068.28
-85396,-229226.16
-34408,-91048.68
45770,126233.7
-79241,-212546.11
-17177,-44352.67
-19566,-50826.86
-51254,-136701.34
-25517,-66954.07
84205,230392.55
-27123,-71306.33
-79762,-213958.02
-67927,-181885.17
-38797,-102942.87
-54755,-146189.05
-55932,-149378.72
4556,14543.76
-90062,-241871.02
-17067,-44054.57
89456,244622.76
-3545,-7409.95
43126,119068.46
-20110,-52301.1
32692,90792.32
-66713,-178595.23
-82148,-220424.08
-18207,-47143.97
-29959,-78991.89
-49518,-131996.78
10013,29332.23
-80542,-216071.82
66853,183368.63
-41423,-110059.33
-14422,-36886.62
30462,84749.02
-41123,-109246.33
-60834,-162663.14
98731,269758.01
77668,212677.28
22669,63629.99
4384,14077.64
20021,56453.91
-67933,-181901.43
-80094,-214857.74
-84228,-226060.88
66220,181653.2
66520,182466.2
-79358,-212863.18
-71645,-191960.95
-79882,-214283.22
18258,51676.18
34842,96618.82
-84907,-227900.97
-73388,-196684.48
31960,88808.6
45035,124241.85
12728,36689.88
60657,166577.47
-8832,-21737.72
72317,198176.07
77000,210867.0
-65831,-176205.01
67505,185135.55
35290,97832.9
17048,48397.08
31740,88212.4
-70569,-189044.99
-66381,-177695.51
-26878,-70642.38
-73572,-197183.12
-43782,-116452.22
22868,64169.28
18043,51093.53
4530,14473.3
62432,171387.72
-40654,-107975.34
88437,241861.27
91839,251080.69
25482,71253.22
-5714,-13287.94
65590,179945.9
76756,210205.76
-15358,-39423.18
-86816,-233074.36
70836,194162.56
52189,143629.19
-99206,-266651.26
-62871,-168183.41
-56577,-151126.67
49471,136263.41
-82889,-222432.19
20381,57429.51
-56180,-150050.8
43776,120829.96
62020,170271.2
-47616,-126842.36
1945,7467.95
-85845,-230442.95
58355,160339.05
94794,259088.74
56569,155498.99
73232,200655.72
-26658,-70046.18
-83124,-223069.04
55393,152312.03
-70506,-188874.26
-67352,-180326.92
46637,128583.27
66450,182276.5
-70151,-187912.21
7690,23036.9
-53748,-143460.08
72576,198877.96
77995,213563.45
10713,31229.23
46019,126908.49
9436,27768.56
-2653,-4992.63
-31697,-83701.87
-9657,-23973.47
42192,116537.32
82796,226574.16
48103,132556.13
-68902,-184527.42
-86192,-231383.32
94545,258413.95
66157,181482.47
89562,244910.02
-98320,-264250.2
57401,157753.71
70966,194514.86
-81529,-218746.59
-26889,-70672.19
-44067,-117224.57
75318,206308.78
-91205,-244968.55
-40755,-108249.05
-49304,-131416.84
-93602,-251464.42
82776,226519.96
77082,211089.22
38257,105873.47
12692,36592.32
-33116,-87547.36
-62208,-166386.68
54319,149401.49
-55836,-149118.56
46001,126859.71
-69923,-187294.33
-62263,-166535.73
48000,132277.0
-68578,-183649.38
-94844,-254830.24
95168,260102.28
8010,23904.1
37920,104960.2
-11020,-27667.2
-22835,-59685.85
-67694,-181253.74
8014,23914.94
-29781,-78509.51
-32163,-84964.73
-34136,-90311.56
14935,42670.85
37488,103789.48
-46391,-123522.61
-53299,-142243.29
12485,36031.35
85611,234202.81
74554,204238.34
-32065,-84699.15
-87848,-235871.08
26484,73968.64
-70799,-189668.29
82958,227013.18
-72011,-192952.81
4215,13619.65
-77441,-207668.11
71496,195951.16
-29435,-77571.85
25950,72521.5
-95319,-256117.49
-62233,-166454.43
-32265,-85241.15
3630,12034.3
95093,259899.03
-71140,-190592.4
-3754,-7976.34
-78309,-210020.39
74205,203292.55
-82138,-220396.98
65094,178601.74
-54434,-145319.14
-38520,-102192.2
-50899,-135739.29
-34194,-90468.74
-49432,-131763.72
-87408,-234678.68
-62116,-166137.36
-21793,-56862.03
-88361,-237261.31
42231,116643.01
60763,166864.73
-47239,-125820.69
49687,136848.77
-92784,-249247.64
63954,175512.34
-67418,-180505.78
-71226,-190825.46
-92773,-249217.83
20567,57933.57
-93740,-251838.4
-96397,-259038.87
67894,186189.74
-97207,-261233.97
48731,134258.01
42138,116390.98
60792,166943.32
99555,271991.05
87821,240191.91
-23586,-61721.06
12410,35828.1
-86683,-232713.93
48349,133222.79
-99054,-266239.34
-76865,-206107.15
-28724,-75645.04
-55422,-147996.62
69303,190008.13
-70041,-187614.11
68752,188514.92
-22875,-59794.25
-63621,-170215.91
93712,256156.52
78368,214574.28
-28368,-74680.28
31895,88632.45
13323,38302.33
84129,230186.59
-18563,-48108.73
-56833,-151820.43
-34009,-89967.39
-79155,-212313.05
46586,128445.06
-28375,-74699.25
-74107,-198632.97
-50117,-133620.07
93318,255088.78
-40925,-108709.75
94949,259508.79
-26655,-70038.05
84066,230015.86
-69508,-186169.68
-67059,-179532.89
-54138,-144516.98
-45008,-119774.68
-9818,-24409.78
-468,928.72
-51455,-137246.05
16026,45627.46
49515,136382.65
-58148,-155384.08
81407,222809.97
-66022,-176722.62
92568,253056.28
6995,21153.45
-85576,-229713.96
-31799,-83978.29
64768,177718.28
69071,189379.41
4954,15622.34
44939,123981.69
-9856,-24512.76
627,3896.17
51449,141623.79
23401,65613.71
47229,130187.59
-85199,-228692.29
76237,208799.27
74313,203585.23
-28234,-74317.14
-58712,-156912.52
-80025,-214670.75
-41797,-111072.87
-68288,-182863.48
-29664,-78192.44
-72640,-194657.4
53161,146263.31
-78878,-211562.38
60524,166217.04
95306,260476.26
32988,91594.48
-19346,-50230.66
18901,53418.71
99068,270671.28
-82430,-221188.3
41460,114553.6
-26610,-69916.1
51398,141485.58
71836,196872.56
49653,136756.63
87475,239254.25
57733,158653.43
-27135,-71338.85
-79572,-213443.12
6385,19500.35
18008,50998.68
18870,53334.7
-29245,-77056.95
-26435,-69441.85
53041,145938.11
-8673,-21306.83
81812,223907.52
35101,97320.71
72482,198623.22
96934,264888.14
1623,6595.33
22417,62947.07
76769,210240.99
-70380,-188532.8
-59501,-159050.71
-34050,-90078.5
-79717,-213836.07
97190,265581.9
-41854,-111227.34
90658,247880.18
95776,261749.96
-26457,-69501.47
-68933,-184611.43
36760,101816.6
-91399,-245494.29
-72255,-193614.05
-49148,-130994.08
-51036,-136110.56
-95272,-255990.12
-36936,-97899.56
-35129,-93002.59
-54885,-146541.35
-51444,-137216.24
-20085,-52233.35
57567,158203.57
31556,87713.76
4394,14104.74
98346,268714.66
75701,207346.71
76098,208422.58
7033,21256.43
-55309,-147690.39
69355,190149.05
-95810,-257448.1
-78150,-209589.5
21284,59876.64
-77248,-207145.08
-75995,-203749.45
-52339,-139641.69
92659,253302.89
-21909,-57176.39
-21561,-56233.31
62508,171593.68
30316,84353.36
-38718,-102728.78
2090,7860.9
56203,154507.13
75733,207433.43
70072,192092.12
56124,154293.04
-83843,-225017.53
-37155,-98493.05
50897,140127.87
-76846,-206055.66
-72370,-193925.7
-33139,-87609.69
14984,42803.64
23030,64608.3
71582,196184.22
-72378,-193947.38
90351,247048.21
28925,80583.75
-42279,-112379.09
-84645,-227190.95
-79493,-213229.03
-39313,-104341.23
75760,207506.6
33021,91683.91
86619,236934.49
-83167,-223185.57
62133,170577.43
-60670,-162218.7
-44733,-119029.43
74566,204270.86
-45249,-120427.79
96442,263554.82
-86473,-232144.83
-71386,-191259.06
59232,162715.72
85182,233040.22
40387,111645.77
-51198,-136549.58
55527,152675.17
-37503,-99436.13
88562,242200.02
-80421,-215743.91
-36090,-95606.9
-39968,-106116.28
4931,15560.01
63602,174558.42
-4493,-9979.03
82305,225243.55
-39767,-105571.57
59484,163398.64
-62581,-167397.51
-61487,-164432.77
-87587,-235163.77
-91263,-245125.73
54264,149252.44
80786,221127.06
75165,205894.15
13217,38015.07
-84728,-227415.88
-91439,-245602.69
-16734,-43152.14
16888,47963.48
-75501,-202410.71
49397,136062.87
39175,108361.25
76840,210433.4
-52047,-138850.37
9095,26844.45
-19258,-49992.18
-95301,-256068.71
70200,192439.0
73180,200514.8
81920,224200.2
-96753,-260003.63
19625,55380.75
-46150,-122869.5
-98365,-264372.15
-52757,-140774.47
8020,23931.2
-1862,-2849.02
-73539,-197093.69
-4698,-10534.58
-54953,-146725.63
97178,265549.38
-35496,-93997.16
2987,10291.77
51244,141068.24
-62544,-167297.24
-93671,-251651.41
-6094,-14317.74
81658,223490.18
42228,116634.88
82199,224956.29
-23165,-60580.15
-177,1717.33
28306,78906.26
19743,55700.53
25159,70377.89
-64053,-171386.63
-90728,-243675.88
-99493,-267429.03
90130,246449.3
27416,76494.36
-13620,-34713.2
-91718,-246358.78
-93153,-250247.63
30840,85773.4
-81135,-217678.85
16453,46784.63
-27363,-71956.73
47464,130824.44
24538,68694.98
-9142,-22577.82
72949,199888.79
94614,258600.94
98351,268728.21
-60919,-162893.49
-95315,-256106.65
45336,125057.56
72713,199249.23
-49073,-130790.83
-88769,-238366.99
-71695,-192096.45
82377,225438.67
-64162,-171682.02
-54631,-145853.01
12253,35402.63
-44819,-119262.49
-4484,-9954.64
-8293,-20277.03
-99313,-266941.23
32108,89209.68
-69751,-186828.21
-72392,-193985.32
78209,214143.39
-65253,-174638.63
35805,99228.55
95480,260947.8
-29753,-78433.63
69259,189888.89
-31122,-82143.62
-32895,-86948.45
53113,146133.23
24328,68125.88
49967,137607.57
55342,152173.82
-30637,-80829.27
14271,40871.41
-61699,-165007.29
20346,57334.66
-38408,-101888.68
-46694,-124343.74
3589,11923.19
76524,209577.04
-66863,-179001.73
-96820,-260185.2
-69571,-186340.41
-76311,-204605.81
16040,45665.4
66905,183509.55
-75310,-201893.1
-65332,-174852.72
-75687,-202914.77
57934,159198.14
-5931,-13876.01
66865,183401.15
-37773,-100167.83
24437,68421.27
9929,29104.59
-65861,-176286.31
99632,272199.72
-22614,-59086.94
20686,58256.06
10813,31500.23
51638,142135.98
87554,239468.34
-48821,-130107.91
-20299,-52813.29
80898,221430.58
71715,196544.65
77350,211815.5
-76910,-206229.1
53800,147995.0
97722,267023.62
99512,271874.52
59740,164092.4
-61376,-164131.96
66755,183103.05
-50449,-134519.79
10785,31424.35
-65811,-176150.81
4769,15120.99
-22042,-57536.82
-5622,-13038.62
-12299,-31133.29
-88527,-237711.17
-92858,-249448.18
-49474,-131877.54
29018,80835.78
-80398,-215681.58
-63459,-169776.89
-27136,-71341.56
42653,117786.63
5368,16744.28
23941,67077.11
24153,67651.63
96416,263484.36
-51010,-136040.1
17052,48407.92
6052,18597.92
59421,163227.91
86015,235297.65
63261,173634.31
-81611,-218968.81
-40372,-107211.12
61836,169772.56
-88924,-238787.04
-15620,-40133.2
-36354,-96322.34
-23396,-61206.16
57098,156932.58
66155,181477.05
78735,215568.85
39226,108499.46
89215,243969.65
-15514,-39845.94
46587,128447.77
86709,237178.39
78961,216181.31
23427,65684.17
-11219,-28206.49
30832,85751.72
28297,78881.87
64007,175655.97
-60262,-161113.02
92667,253324.57
-65738,-175952.98
-11329,-28504.59
74397,203812.87
43313,119575.23
-66583,-178242.93
-94934,-255074.14
87353,238923.63
19558,55199.18
-53824,-143666.04
-1939,-3057.69
38183,105672.93
17064,48440.44
34065,94513.15
-87038,-233675.98
-81330,-218207.3
-48833,-130140.43
21602,60738.42
20677,58231.67
54256,149230.76
92178,251999.38
98943,270332.53
44632,123149.72
-58751,-157018.21
50587,139287.77
10565,30828.15
-19289,-50076.19
39463,109141.73
45010,124174.1
95395,260717.45
79921,218782.91
-49861,-132926.31
-98700,-265280.0
-13451,-34255.21
-4066,-8821.86
-1060,-675.6
81552,223202.92
93362,255208.02
30703,85402.13
-69609,-186443.39
-64516,-172641.36
-6125,-14401.75
67472,185046.12
85451,233769.21
-62042,-165936.82
-9340,-23114.4
11788,34142.48
-16492,-42496.32
-56427,-150720.17
-55520,-148262.2
-8697,-21371.87
46898,129290.58
-55844,-149140.24
-78873,-211548.83
-18672,-48404.12
-41402,-110002.42
16601,47185.71
-73290,-196418.9
62747,172241.37
-17868,-46225.28
-7581,-18347.51
30040,83605.4
9855,28904.05
4934,15568.14
86826,237495.46
8688,25741.48
8486,25194.06
-88842,-238564.82
33693,93505.03
99125,270825.75
4285,13809.35
24890,69648.9
1388,5958.48
-4736,-10637.56
-14483,-37051.93
77031,210951.01
-22823,-59653.33
-24365,-63832.15
27791,77510.61
-29345,-77327.95
31127,86551.17
-35965,-95268.15
-19340,-50214.4
-28275,-74428.25
77564,212395.44
50932,140222.72
-59131,-158048.01
-61352,-164066.92
-15084,-38680.64
-72245,-193586.95
-82216,-220608.36
-97602,-262304.42
61855,169824.05
75516,206845.36
76457,209395.47
-8647,-21236.37
41487,114626.77
-78610,-210836.1
-32256,-85216.76
-36420,-96501.2
-31835,-84075.85
-74934,-200874.14
29378,81811.38
98993,270468.03
-37711,-99999.81
18561,52497.31
70797,194056.87
-24640,-64577.4
10494,30635.74
78325,214457.75
98716,269717.36
-56393,-150628.03
-80417,-215733.07
18591,52578.61
46041,126968.11
-57695,-154156.45
43043,118843.53
-92471,-248399.41
41079,113521.09
-50265,-134021.15
-90920,-244196.2
42604,117653.84
67780,185880.8
12236,35356.56
44244,122098.24
-19012,-49325.52
-56564,-151091.44
-67611,-181028.81
-87442,-234770.82
72760,199376.6
-55530,-148289.3
-59658,-159476.18
-95348,-256196.08
-52823,-140953.33
-60999,-163110.29
-62095,-166080.45
-98934,-265914.14
-56822,-151790.62
-12720,-32274.2
28287,78854.77
-92084,-247350.64
-78877,-211559.67
34961,96941.31
-15312,-39298.52
63813,175130.23
70634,193615.14
60566,166330.86
-18483,-47891.93
-73100,-195904.0
34945,96897.95
-57605,-153912.55
-30963,-81712.73
-49153,-131007.63
-7163,-17214.73
23337,65440.27
-52130,-139075.3
43740,120732.4
75049,205579.79
1124,5243.04
-89101,-239266.71
5496,17091.16
54370,149539.7
28786,80207.06
63037,173027.27
45042,124260.82
6492,19790.32
5363,16730.73
44016,121480.36
-3498,-7282.58
60195,165325.45
28893,80497.03
30164,83941.44
58922,161875.62
-87138,-233946.98
-93703,-251738.13
10431,30465.01
-19656,-51070.76
84522,231251.62
-44320,-117910.2
82708,226335.68
-93506,-251204.26
22488,63139.48
-40786,-108333.06
-55868,-149205.28
20034,56489.14
33939,94171.69
44469,122707.99
-3078,-6144.38
-69344,-185725.24
-42163,-112064.73
-55373,-147863.83
-87814,-235778.94
-92208,-247686.68
90526,247522.46
47380,130596.8
77066,211045.86
-93378,-250857.38
54743,150550.53
-89507,-240366.97
81167,222159.57
72035,197411.85
9932,29112.72
-34063,-90113.73
-83568,-224272.28
18237,51619.27
20500,57752.0
-40627,-107902.17
86468,236525.28
99998,273191.58
-2571,-4770.41
-72400,-194007.0
15443,44047.53
-6883,-16455.93
88971,243308.41
-43952,-116912.92
-78594,-210792.74
38702,107079.42
77655,212642.05
-57924,-154777.04
-58051,-155121.21
49885,137385.35
-11485,-28927.35
-13670,-34848.7
20758,58451.18
92051,251655.21
46566,128390.86
-17697,-45761.87
46556,128363.76
-72961,-195527.31
1518,6310.78
-37682,-99921.22
87479,239265.09
-2953,-5805.63
44096,121697.16
68142,186861.82
-60598,-162023.58
-96942,-260515.82
87560,239484.6
-46513,-123853.23
-29574,-77948.54
93169,254684.99
10727,31267.17
5565,17278.15
68479,187775.09
-53909,-143896.39
-73823,-197863.33
9864,28928.44
60408,165902.68
-76114,-204071.94
47843,131851.53
45341,125071.11
57794,158818.74
22245,62480.95
-50775,-135403.25
39861,110220.31
-25104,-65834.84
-63682,-170381.22
-67803,-181549.13
-55624,-148544.04
54543,150008.53
64591,177238.61
74226,203349.46
-92229,-247743.59
12419,35852.49
70269,192625.99
3499,11679.29
58666,161181.86
-53214,-142012.94
87066,238145.86
70192,192417.32
-11154,-28030.34
-44289,-117826.19
85220,233143.2
-73122,-195963.62
-3404,-7027.84
-95248,-255925.08
-36491,-96693.61
-96254,-258651.34
32517,90318.07
54616,150206.36
58444,160580.24
33038,91729.98
94661,258728.31
62329,171108.59
50741,139705.11
-95145,-255645.95
-26352,-69216.92
-61642,-164852.82
-38913,-103257.23
-55812,-149053.52
38156,105599.76
94541,258403.11
-42321,-112492.91
-25909,-68016.39
45572,125697.12
44400,122521.0
-77242,-207128.82
40015,110637.65
75308,206281.68
-53058,-141590.18
60515,166192.65
-64416,-172370.36
-48511,-129267.81
72547,198799.37
90861,248430.31
42994,118710.74
-89023,-239055.33
-25438,-66739.98
27800,77535.0
16382,46592.22
-52920,-141216.2
-28250,-74360.5
-41633,-110628.43
-28020,-73737.2
-66460,-177909.6
-91423,-245559.33
-82263,-220735.73
98485,269091.35
-36687,-97224.77
94091,257183.61
24085,67467.35
76771,210246.41
-44399,-118124.29
-3354,-6892.34
-43133,-114693.43
-24958,-65439.18
-8736,-21477.56
-95980,-257908.8
60384,165837.64
-65859,-176280.89
-19172,-49759.12
72320,198184.2
35422,98190.62
26171,73120.41
71642,196346.82
29667,82594.57
73225,200636.75
57536,158119.56
58357,160344.47
-22933,-59951.43
14863,42475.73
-7571,-18320.41
-82441,-221218.11
-8360,-20458.6
-82139,-220399.69
-16639,-42894.69
58324,160255.04
-80245,-215266.95
56666,155761.86
-68907,-184540.97
-19249,-49967.79
-36778,-97471.38
-40876,-108576.96
-71924,-192717.04
-52398,-139801.58
-95766,-257328.86
73518,201430.78
-55402,-147942.42
71958,197203.18
-80383,-215640.93
-62476,-167112.96
96894,264779.74
-60196,-160934.16
-21198,-55249.58
43629,120431.59
-80410,-215714.1
-762,131.98
-74049,-198475.79
54811,150734.81
-77904,-208922.84
49559,136501.89
-1805,-2694.55
-59469,-158963.99
-65021,-174009.91
-56627,-151262.17
-86500,-232218.0
83697,229015.87
40663,112393.73
-26357,-69230.47
20378,57421.38
40568,112136.28
90390,247153.9
-5295,-12152.45
47388,130618.48
-53187,-141939.77
-96725,-259927.75
57475,157954.25
96863,264695.73
38952,107756.92
-81054,-217459.34
55147,151645.37
-66092,-176912.32
4325,13917.75
27149,75770.79
-5984,-14019.64
-75017,-201099.07
7520,22576.2
-11356,-28577.76
-71788,-192348.48
-44696,-118929.16
-73807,-197819.97
34764,96407.44
84814,232042.94
-20973,-54639.83
-46062,-122631.02
40218,111187.78
24538,68694.98
-74717,-200286.07
-77678,-208310.38
82149,224820.79
-69241,-185446.11
93819,256446.49
65883,180739.93
-73222,-196234.62
64206,176195.26
19766,55762.86
-42259,-112324.89
-52881,-141110.51
14695,42020.45
94576,258497.96
-43499,-115685.29
-73692,-197508.32
68465,187737.15
-84047,-225570.37
-28706,-75596.26
44769,123520.99
58577,160940.67
-68734,-184072.14
9407,27689.97
-24105,-63127.55
-68820,-184305.2
-32875,-86894.25
-56858,-151888.18
-42907,-114080.97
-81934,-219844.14
-79552,-213388.92
-25426,-66707.46
-84725,-227407.75
-30289,-79886.19
18969,53602.99
-17151,-44282.21
68160,186910.6
-82486,-221340.06
61244,168168.24
86217,235845.07
13461,38676.31
95910,262113.1
-83083,-222957.93
-40201,-106747.71
56380,154986.8
39929,110404.59
-40317,-107062.07
-40313,-107051.23
-45963,-122362.73
-71449,-191429.79
-46817,-124677.07
-7341,-17697.11
-3973,-8569.83
-19603,-50927.13
13592,39031.32
-29712,-78322.52
61804,169685.84
-1009,-537.39
-22349,-58368.79
-4675,-10472.25
-34179,-90428.09
99475,271774.25
23715,66464.65
-92734,-249112.14
-6387,-15111.77
-53181,-141923.51
-77739,-208475.69
93212,254801.52
23645,66274.95
83902,229571.42
55375,152263.25
-54202,-144690.42
54546,150016.66
83729,229102.59
-99191,-266610.61
37665,104269.15
7871,23527.41
-44651,-118807.21
-88768,-238364.28
60087,165032.77
79892,218704.32
-62984,-168489.64
-49804,-132771.84
-69510,-186175.1
50416,138824.36
60971,167428.41
2485,8931.35
74828,204980.88
-80212,-215177.52
-43085,-114563.35
-92296,-247925.16
-83915,-225212.65
-38758,-102837.18
-57719,-154221.49
-39955,-106081.05
41025,113374.75
22228,62434.88
-55640,-148587.4
66249,181731.79
9342,27513.82
-87710,-235497.1
51891,142821.61
59180,162574.8
-96071,-258155.41
24403,68329.13
-38985,-103452.35
51002,140412.42
-20096,-52263.16
67864,186108.44
-2559,-4737.89
-48729,-129858.59
-27613,-72634.23
-63745,-170551.95
92506,252888.26
54956,151127.76
-96243,-258621.53
-41452,-110137.92
56226,154569.46
-26870,-70620.7
94519,258343.49
3783,12448.93
67326,184650.46
10250,29974.5
-91365,-245402.15
-7022,-16832.62
83784,229251.64
-59219,-158286.49
-79288,-212673.48
-15993,-41144.03
-81382,-218348.22
-74763,-200410.73
-70905,-189955.55
-98353,-264339.63
29307,81618.97
-73102,-195909.42
10733,31283.43
-9937,-24732.27
36975,102399.25
37372,103475.12
-43665,-116135.15
77281,211628.51
93659,256012.89
-20342,-52929.82
-94754,-254586.34
86662,237051.02
-41447,-110124.37
5349,16692.79
98146,268172.66
-18620,-48263.2
-85244,-228814.24
16213,46134.23
-12983,-32986.93
-77948,-209042.08
-62746,-167844.66
28444,79280.24
66813,183260.23
46608,128504.68
32872,91280.12
-42805,-113804.55
88176,241153.96
26876,75030.96
-78075,-209386.25
73311,200869.81
66532,182498.72
86924,237761.04
-21183,-55208.93
-9268,-22919.28
-30092,-79352.32
-93874,-252201.54
28529,79510.59
70189,192409.19
-77259,-207174.89
-13633,-34748.43
-95858,-257578.18
-25956,-68143.76
2534,9064.14
-32615,-86189.65
-36235,-95999.85
-31553,-83311.63
-15993,-41144.03
-55304,-147676.84
-65858,-176278.18
83121,227454.91
-45373,-120763.83
-30348,-80046.08
-3177,-6412.67
-79049,-212025.79
49845,137276.95
29096,81047.16
7268,21893.28
76472,209436.12
48623,133965.33
-96183,-258458.93
-309,1359.61
26454,73887.34
-84285,-226215.35
-58963,-157592.73
-14052,-35883.92
-67292,-180164.32
85314,233397.94
61445,168712.95
-73533,-197077.43
-34097,-90205.87
-76790,-205903.9
97719,267015.49
99024,270552.04
-17339,-44791.69
256,2890.76
42253,116702.63
-8833,-21740.43
92915,253996.65
87330,238861.3
-13559,-34547.89
5349,16692.79
-35675,-94482.25
-76539,-205223.69
-26895,-70688.45
-60279,-161159.09
80941,221547.11
-17672,-45694.12
80882,221387.22
74449,203953.79
95621,261329.91
64656,177414.76
54386,149583.06
93684,256080.64
853,4508.63
-49827,-132834.17
-89321,-239862.91
-66264,-177378.44
-51209,-136579.39
52926,145626.46
24567,68773.57
-71168,-190668.28
85795,234701.45
-63796,-170690.16
-77874,-208841.54
59481,163390.51
-9804,-24371.84
2301,8432.71
58015,159417.65
-68891,-184497.61
-76069,-203949.99
32676,90748.96
60996,167496.16
31443,87407.53
56210,154526.1
73035,200121.85
-6286,-14838.06
79114,216595.94
40168,111052.28
-62837,-168091.27
80708,220915.68
13763,39494.73
5554,17248.34
43497,120073.87
96992,265045.32
98202,268324.42
35195,97575.45
71027,194680.17
-93815,-252041.65
9437,27771.27
-72089,-193164.19
93961,256831.31
-30986,-81775.06
25486,71264.06
-64369,-172242.99
-93411,-250946.81
42590,117615.9
23896,66955.16
-86048,-230993.08
-67860,-181703.6
-54645,-145890.95
-74728,-200315.88
38744,107193.24
-9575,-23751.25
60886,167198.06
-91617,-246085.07
-8070,-19672.7
53375,146843.25
-45001,-119755.71
44548,122922.08
-79429,-213055.59
15819,45066.49
-70319,-188367.49
59730,164065.3
-90981,-244361.51
98466,269039.86
80232,219625.72
-19175,-49767.25
20386,57443.06
-86344,-231795.24
-65781,-176069.51
22256,62510.76
74434,203913.14
30287,84274.77
-80127,-214947.17
-76554,-205264.34
3071,10519.41
15029,42925.59
-97441,-261868.11
-73490,-196960.9
15101,43120.71
93502,255587.42
40665,112399.15
86447,236468.37
764,4267.44
25055,70096.05
38881,107564.51
-82145,-220415.95
37160,102900.6
46589,128453.19
71298,195414.58
62733,172203.43
73478,201322.38
85370,233549.7
-94615,-254209.65
-17349,-44818.79
-61475,-164400.25
40971,113228.41
-73465,-196893.15
40004,110607.84
-8634,-21201.14
93585,255812.35
17766,50342.86
62925,172723.75
-81118,-217632.78
-40636,-107926.56
8061,24042.31
96314,263207.94
-44678,-118880.38
44347,122377.37
52857,145439.47
75300,206260.0
-55465,-148113.15
69982,191848.22
4183,13532.93
6772,20549.12
43967,121347.57
57513,158057.23
-57837,-154541.27
78266,214297.86
7568,22706.28
5361,16725.31
32157,89342.47
-15234,-39087.14
67404,184861.84
-80480,-215903.8
30212,84071.52
-26511,-69647.81
-14681,-37588.51
42209,116583.39
-89347,-239933.37
14107,40426.97
94091,257183.61
74930,205257.3
-14036,-35840.56
-3524,-7353.04
-97477,-261965.67
-75435,-202231.85
80217,219585.07
56102,154233.42
28375,79093.25
-60892,-162820.32
51233,141038.43
-27245,-71636.95
81491,223037.61
-41551,-110406.21
-33848,-89531.08
35186,97551.06
-85156,-228575.76
37603,104101.13
92086,251750.06
21170,59567.7
-22824,-59656.04
97168,265522.28
-47959,-127771.89
11277,32757.67
-51531,-137452.01
13570,38971.7
-50402,-134392.42
-90955,-244291.05
-18140,-46962.4
-46067,-122644.57
-31851,-84119.21
92808,253706.68
41848,115605.08
73033,200116.43
-44017,-117089.07
84480,231137.8
24068,67421.28
93005,254240.55
11210,32576.1
30735,85488.85
-61035,-163207.85
47558,131079.18
-37196,-98604.16
90278,246850.38
34266,95057.86
-47209,-125739.39
-88055,-236432.05
-80948,-217172.08
5180,16234.8
73923,202528.33
81478,223002.38
31472,87486.12
-26934,-70794.14
-95549,-256740.79
45581,125721.51
92839,253790.69
86728,237229.88
-89346,-239930.66
-42026,-111693.46
-15514,-39845.94
19253,54372.63
-20889,-54412.19
-45602,-121384.42
34387,95385.77
-2691,-5095.61
-15854,-40767.34
-34396,-91016.16
-78724,-211145.04
68029,186555.59
86570,236801.7
56827,156198.17
10780,31410.8
-8262,-20193.02
37650,104228.5
-69100,-185064.0
61364,168493.44
82396,225490.16
-20141,-52385.11
10481,30600.51
66702,182959.42
-8631,-21193.01
72382,198352.22
70894,194319.74
40439,111786.69
41837,115575.27
-72202,-193470.42
-58439,-156172.69
-54437,-145327.27
70717,193840.07
73892,202444.32
2153,8031.63
64247,176306.37
-94083,-252767.93
-26546,-69742.66
93286,255002.06
92586,253105.06
-35867,-95002.57
64582,177214.22
-76209,-204329.39
-79071,-212085.41
64841,177916.11
83950,229701.5
-76290,-204548.9
-43526,-115758.46
58002,159382.42
78738,215576.98
63180,173414.8
-95036,-255350.56
-56417,-150693.07
87288,238747.48
80464,220254.44
75177,205926.67
40476,111886.96
-80937,-217142.27
23622,66212.62
61469,168777.99
92092,251766.32
17248,48939.08
-92274,-247865.54
-46147,-122861.37
85856,234866.76
-7840,-19049.4
-31917,-84298.07
96062,262525.02
3169,10784.99
44789,123575.19
50160,138130.6
-36211,-95934.81
-78787,-211315.77
88599,242300.29
-33204,-87785.84
66263,181769.73
-77092,-206722.32
22693,63695.03
44974,124076.54
-33652,-88999.92
69744,191203.24
-29325,-77273.75
-68006,-182099.26
-85030,-228234.3
-85147,-228551.37
-51787,-138145.77
57756,158715.76
-54047,-144270.37
-18346,-47520.66
-26067,-68444.57
-24117,-63160.07
-79268,-212619.28
63378,173951.38
1002,4912.42
-69007,-184811.97
46283,127623.93
-33027,-87306.17
33576,93187.96
18282,51741.22
99153,270901.63
-78664,-210982.44
77710,212791.1
-6392,-15125.32
-41616,-110582.36
87845,240256.95
-7016,-16816.36
80599,220620.29
16868,47909.28
90230,246720.3
-37352,-99026.92
-97082,-260895.22
-7179,-17258.09
-86934,-233394.14
28389,79131.19
-81069,-217499.99
-26123,-68596.33
31173,86675.83
61007,167525.97
-98000,-263383.0
-96351,-258914.21
-81565,-218844.15
39442,109084.82
85283,233313.93
-33814,-89438.94
21713,61039.23
95393,260712.03
21067,59288.57
24810,69432.1
-77909,-208936.39
79154,216704.34
-24889,-65252.19
-93800,-252001.0
51901,142848.71
-41548,-110398.08
-67547,-180855.37
-8337,-20396.27
49399,136068.29
71927,197119.17
-55225,-147462.75
-73063,-195803.73
47266,130287.86
43198,119263.58
82471,225693.41
63439,174116.69
-71512,-191600.52
-7816,-18984.36
-37816,-100284.36
62601,171845.71
-4405,-9740.55
-32316,-85379.36
-18468,-47851.28
13556,38933.76
38277,105927.67
-61006,-163129.26
-25755,-67599.05
30708,85415.68
12131,35072.01
-43124,-114669.04
74579,204306.09
8415,25001.65
49666,136791.86
73635,201747.85
5875,18118.25
-36916,-97845.36
-78764,-211253.44
70779,194008.09
38039,105282.69
-33939,-89777.69
-29401,-77479.71
-49769,-132676.99
98592,269381.32
60530,166233.3
-56643,-151305.53
-87366,-234564.86
-45090,-119996.9
1792,7053.32
1184,5405.64
17323,49142.33
-19767,-51371.57
-59098,-157958.58
12135,35082.85
-1819,-2732.49
90201,246641.71
-76011,-203792.81
13524,38847.04
8331,24774.01
79939,218831.69
-32291,-85311.61
25635,71667.85
48650,134038.5
69351,190138.21
-32884,-86918.64
-54713,-146075.23
-12251,-31003.21
13293,38221.03
-98572,-264933.12
18050,51112.5
30396,84570.16
6020,18511.2
98462,269029.02
-85125,-228491.75
-23736,-62127.56
-36215,-95945.65
-95390,-256309.9
-63475,-169820.25
55030,151328.3
28916,80559.36
-10514,-26295.94
-41319,-109777.49
67553,185265.63
40015,110637.65
45047,124274.37
18492,52310.32
-47396,-126246.16
15219,43440.49
55687,153108.77
-91803,-246589.13
74044,202856.24
-27368,-71970.28
53787,147959.77
-53372,-142441.12
97099,265335.29
-83081,-222952.51
20368,57394.28
15023,42909.33
-23922,-62631.62
72568,198856.28
-17381,-44905.51
-79977,-214540.67
84753,231877.63
-45621,-121435.91
-80393,-215668.03
38179,105662.09
35628,98748.88
84021,229893.91
-74093,-198595.03
77047,210994.37
-16465,-42423.15
78245,214240.95
-25716,-67493.36
93153,254641.63
37528,103897.88
71009,194631.39
40938,113138.98
15081,43066.51
44316,122293.36
40516,111995.36
-43833,-116590.43
-36481,-96666.51
-76944,-206321.24
-54151,-144552.21
47511,130951.81
-57701,-154172.71
82212,224991.52
17569,49808.99
34114,94645.94
96017,262403.07
25255,70638.05
-57144,-152663.24
-91335,-245320.85
40308,111431.68
55415,152371.65
-91813,-246616.23
19254,54375.34
69136,189555.56
-92654,-248895.34
-76158,-204191.18
97139,265443.69
-95007,-255271.97
79776,218389.96
53349,146772.79
-75821,-203277.91
80231,219623.01
80821,221221.91
-38814,-102988.94
-96072,-258158.12
56259,154658.89
-55273,-147592.83
-473,915.17
52883,145509.93
13660,39215.6
33179,92112.09
-29696,-78279.16
-20153,-52417.63
21105,59391.55
94649,258695.79
-61831,-165365.01
57854,158981.34
95990,262329.9
-78756,-211231.76
19126,54028.46
-27074,-71173.54
-91864,-246754.44
72206,197875.26
51670,142222.7
10534,30744.14
18935,53510.85
-79672,-213714.12
88030,240758.3
61644,169252.24
11006,32023.26
34642,96076.82
-95246,-255919.66
24365,68226.15
43633,120442.43
37441,103662.11
27370,76369.7
-41419,-110048.49
-94374,-253556.54
-33515,-88628.65
-28246,-74349.66
49932,137512.72
-27192,-71493.32
-79611,-213548.81
-14380,-36772.8
-2440,-4415.4
-57416,-153400.36
-66786,-178793.06
-50709,-135224.39
-18098,-46848.58
-47084,-125400.64
-68309,-182920.39
-8983,-22146.93
-14520,-37152.2
95435,260825.85
-12394,-31390.74
-22015,-57463.65
94584,258519.64
78450,214796.5
28421,79217.91
-75621,-202735.91
7527,22595.17
-92697,-249011.87
85240,233197.4
16516,46955.36
22387,62865.77
10113,29603.23
-57488,-153595.48
92003,251525.13
-50975,-135945.25
-54692,-146018.32
37705,104377.55
-29703,-78298.13
64422,176780.62
-964,-415.44
-55929,-149370.59
42863,118355.73
-72841,-195202.11
60681,166642.51
98480,269077.8
-16965,-43778.15
40714,112531.94
-26726,-70230.46
72770,199403.7
23978,67177.38
-40165,-106650.15
27384,76407.64
31062,86375.02
61810,169702.1
-9800,-24361.0
82335,225324.85
-87858,-235898.18
-38303,-101604.13
-67903,-181820.13
36679,101597.09
13232,38055.72
-35777,-94758.67
17835,50529.85
66120,181382.2
-76054,-203909.34
-43982,-116994.22
33461,92876.31
35274,97789.54
-14461,-36992.31
61592,169111.32
-70829,-189749.59
61518,168910.78
-85613,-229814.23
90168,246552.28
75301,206262.71
-95303,-256074.13
1142,5291.82
86381,236289.51
39440,109079.4
24987,69911.77
78988,216254.48
-4757,-10694.47
16073,45754.83
-4481,-9946.51
-70279,-188259.09
65996,181046.16
88971,243308.41
9454,27817.34
97600,266693.0
-41858,-111238.18
-45683,-121603.93
-27879,-73355.09
15396,43920.16
-49727,-132563.17
16755,47603.05
2805,9798.55
46742,128867.82
-3903,-8380.13
-97370,-261675.7
-59141,-158075.11
1979,7560.09
79834,218547.14
-21061,-54878.31
-76597,-205380.87
-57851,-154579.21
57109,156962.39
93523,255644.33
-81599,-218936.29
-8375,-20499.25
-72652,-194689.92
-17359,-44845.89
25220,70543.2
63975,175569.25
63891,175341.61
72691,199189.61
14513,41527.23
79835,218549.85
-27965,-73588.15
-77615,-208139.65
98845,270066.95
72376,198335.96
-62861,-168156.31
-84120,-225768.2
-40303,-107024.13
15444,44050.24
38802,107350.42
-1876,-2886.96
51993,143098.03
46079,127071.09
-73826,-197871.46
4648,14793.08
77419,212002.49
83942,229679.82
39087,108122.77
63158,173355.18
52930,145637.3
-87536,-235025.56
-53399,-142514.29
73841,202306.11
90547,247579.37
5600,17373.0
5869,18101.99
20058,56554.18
-55799,-149018.29
30806,85681.26
73296,200829.16
19544,55161.24
91744,250823.24
-87177,-234052.67
-19305,-50119.55
40142,110981.82
-47244,-125834.24
-69479,-186091.09
95149,260050.79
17434,49443.14
4540,14500.4
51198,140943.58
92660,253305.6
-73357,-196600.47
-56040,-149671.4
96247,263026.37
3520,11736.2
-21822,-56940.62
-46912,-124934.52
-93012,-249865.52
-40880,-108587.8
21291,59895.61
18165,51424.15
97236,265706.56
88767,242755.57
-40762,-108268.02
31460,87453.6
-72090,-193166.9
-32991,-87208.61
-49652,-132359.92
24706,69150.26
-43990,-117015.9
17996,50966.16
61132,167864.72
-73579,-197202.09
-86738,-232862.98
96151,262766.21
52954,145702.34
-79657,-213673.47
93395,255297.45
25006,69963.26
43329,119618.59
29088,81025.48
-60957,-162996.47
-55874,-149221.54
-23580,-61704.8
69648,190943.08
91394,249874.74
-88364,-237269.44
73973,202663.83
-22469,-58693.99
-92557,-248632.47
-94077,-252751.67
-73116,-195947.36
-86525,-232285.75
-88756,-238331.76
-23885,-62531.35
79097,216549.87
88319,241541.49
-70820,-189725.2
-36007,-95381.97
-97776,-262775.96
-35489,-93978.19
-97910,-263139.1
10419,30432.49
94047,257064.37
-32030,-84604.3
-91276,-245160.96
996,4896.16
46406,127957.26
3170,10787.7
-92991,-249808.61
15028,42922.88
-2387,-4271.77
55465,152507.15
71812,196807.52
-68974,-184722.54
90519,247503.49
25467,71212.57
3790,12467.9
65889,180756.19
65274,179089.54
47466,130829.86
27387,76415.77
5511,17131.81
-68429,-183245.59
-44252,-117725.92
5845,18036.95
-47569,-126714.99
53174,146298.54
-31253,-82498.63
66262,181767.02
-56450,-150782.5
30605,85136.55
-80397,-215678.87
-78721,-211136.91
-89880,-241377.8
24367,68231.57
36314,100607.94
-53783,-143554.93
11796,34164.16
99725,272451.75
-37693,-99951.03
-7483,-18081.93
35785,99174.35
37531,103906.01
-9890,-24604.9
-30734,-81092.14
-87611,-235228.81
66840,183333.4
70667,193704.57
-18255,-47274.05
-67223,-179977.33
5744,17763.24
85413,233666.23
21211,59678.81
-6095,-14320.45
53340,146748.4
-43665,-116135.15
23346,65464.66
45361,125125.31
87348,238910.08
39321,108756.91
66567,182593.57
91388,249858.48
58885,161775.35
34523,95754.33
-16309,-42000.39
-64301,-172058.71
-45944,-122311.24
-44439,-118232.69
86824,237490.04
-66890,-179074.9
48762,134342.02
94204,257489.84
5291,16535.61
24881,69624.51
-11172,-28079.12
27734,77356.14
10227,29912.17
-9198,-22729.58
-57222,-152874.62
-74258,-199042.18
78571,215124.41
-25580,-67124.8
42449,117233.79
-53860,-143763.6
94207,257497.97
85655,234322.05
81251,222387.21
61072,167702.12
-24679,-64683.09
73249,200701.79
-33711,-89159.81
76645,209904.95
47963,132176.73
-85720,-230104.2
25606,71589.26
90394,247164.74
53060,145989.6
-92867,-249472.57
73441,201222.11
-60877,-162779.67
-52585,-140308.35
80734,220986.14
-87313,-234421.23
-80892,-217020.32
-49146,-130988.66
-17563,-45398.73
31969,88832.99
45605,125786.55
78991,216262.61
94702,258839.42
-54607,-145787.97
96000,262357.0
79656,218064.76
-77080,-206689.8
-84816,-227654.36
61886,169908.06
31094,86461.74
-76039,-203868.69
-68648,-183839.08
13236,38066.56
64395,176707.45
-4344,-9575.24
25318,70808.78
50327,138583.17
69390,190243.9
69389,190241.19
-39239,-104140.69
-71620,-191893.2
-1282,-1277.22
37573,104019.83
47940,132114.4
-66226,-177275.46
-6440,-15255.4
-22917,-59908.07
52935,145650.85
-10689,-26770.19
-32026,-84593.46
62344,171149.24
25773,72041.83
-27097,-71235.87
-54504,-145508.84
-31388,-82864.48
-43832,-116587.72
46951,129434.21
-86312,-231708.52
-88045,-236404.95
-57273,-153012.83
76097,208419.87
-34406,-91043.26
-1249,-1187.79
69788,191322.48
-55707,-148768.97
4516,14435.36
99525,271909.75
68879,188859.09
43995,121423.45
-57211,-152844.81
39705,109797.55
40968,113220.28
-93530,-251269.3
5158,16175.18
51135,140772.85
88570,242221.7
-69774,-186890.54
-23075,-60336.25
-19998,-51997.58
-21031,-54797.01
21037,59207.27
-85224,-228760.04
21488,60429.48
-74985,-201012.35
-23089,-60374.19
-726,229.54
-94468,-253811.28
30884,85892.64
43697,120615.87
-99083,-266317.93
-4006,-8659.26
-56376,-150581.96
-14713,-37675.23
-89949,-241564.79
-28794,-75834.74
72728,199289.88
74597,204354.87
8675,25706.25
18969,53602.99
-74291,-199131.61
91723,250766.33
-44827,-119284.17
96487,263676.77
-14648,-37499.08
19363,54670.73
-68863,-184421.73
-83294,-223529.74
31145,86599.95
87925,240473.75
-50728,-135275.88
85192,233067.32
44880,123821.8
-39453,-104720.63
-22511,-58807.81
29030,80868.3
-23566,-61666.86
28335,78984.85
-21201,-55257.71
31602,87838.42
-61302,-163931.42
-92697,-249011.87
-85892,-230570.32
-87676,-235404.96
-84316,-226299.36
76471,209433.41
-20654,-53775.34
44113,121743.23
-19911,-51761.81
70073,192094.83
7113,21473.23
3043,10443.53
-7693,-18651.03
36590,101355.9
89523,244804.33
-44451,-118265.21
94180,257424.8
-41994,-111606.74
52340,144038.4
9512,27974.52
-34382,-90978.22
92362,252498.02
52637,144843.27
-99040,-266201.4
-70435,-188681.85
-37101,-98346.71
30252,84179.92
73246,200693.66
-57567,-153809.57
74237,203379.27
39456,109122.76
-73921,-198128.91
-44574,-118598.54
-76584,-205345.64
89130,243739.3
8650,25638.5
-44087,-117278.77
63792,175073.32
-59759,-159749.89
-11941,-30163.11
-17317,-44732.07
32851,91223.21
43507,120100.97
-68622,-183768.62
-66383,-177700.93
71805,196788.55
74044,202856.24
49437,136171.27
66202,181604.42
-77071,-206665.41
-77241,-207126.11
-10527,-26331.17
28543,79548.53
36148,100158.08
83315,227980.65
63407,174029.97
-53222,-142034.62
30430,84662.3
62745,172235.95
84338,230752.98
89994,246080.74
65694,180227.74
24636,68960.56
-7785,-18900.35
-24726,-64810.46
-71477,-191505.67
-8318,-20344.78
83594,228736.74
67172,184233.12
87243,238625.53
48583,133856.93
-72870,-195280.7
-96357,-258930.47
25225,70556.75
-49592,-132197.32
44144,121827.24
4135,13402.85
50069,137883.99
-10420,-26041.2
11123,32340.33
95010,259674.1
-6344,-14995.24
-85492,-229486.32
-13313,-33881.23
58817,161591.07
66516,182455.36
-78603,-210817.13
73074,200227.54
48028,132352.88
15096,43107.16
73680,201869.8
-47586,-126761.06
-28792,-75829.32
-24082,-63065.22
3774,12424.54
-95142,-255637.82
-91862,-246749.02
-7183,-17268.93
85583,234126.93
-1764,-2583.44
44361,122415.31
9770,28673.7
98548,269262.08
-29004,-76403.84
10916,31779.36
-22072,-57618.12
-34968,-92566.28
42687,117878.77
49546,136466.66
-47204,-125725.84
83184,227625.64
23139,64903.69
25450,71166.5
75903,207894.13
81075,221910.25
21808,61296.68
-35852,-94961.92
88080,240893.8
36114,100065.94
10519,30703.49
20509,57776.39
19018,53735.78
40542,112065.82
-44799,-119208.29
94760,258996.6
-73108,-195925.68
68334,187382.14
-7489,-18098.19
-87825,-235808.75
-2216,-3808.36
-19707,-51208.97
18636,52700.56
87855,240284.05
-53752,-143470.92
23691,66399.61
-10534,-26350.14
90859,248424.89
39320,108754.2
-13851,-35339.21
6981,21115.51
11971,34638.41
-24674,-64669.54
98550,269267.5
43167,119179.57
55178,151729.38
99891,272901.61
36881,102144.51
51736,142401.56
-930,-323.3
-29207,-76953.97
47216,130152.36
22070,62006.7
96794,264508.74
7805,23348.55
-56834,-151823.14
51296,141209.16
78064,213750.44
-49998,-133297.58
-25680,-67395.8
67298,184574.58
-14751,-37778.21
50077,137905.67
-92883,-249515.93
-29694,-78273.74
79336,217197.56
-74964,-200955.44
96976,265001.96
-11459,-28856.89
-9876,-24566.96
-23062,-60301.02
28224,78684.04
98735,269768.85
-45182,-120246.22
-30328,-79991.88
-97957,-263266.47
19433,54860.43
-26981,-70921.51
-32390,-85579.9
21632,60819.72
-29246,-77059.66
54093,148789.03
78024,213642.04
-16157,-41588.47
-25218,-66143.78
-86701,-232762.71
-78614,-210846.94
90100,246368.0
-98201,-263927.71
-37960,-100674.6
-24414,-63964.94
-81880,-219697.8
48974,134916.54
-8787,-21615.77
13239,38074.69
87362,238948.02
-40212,-106777.52
17866,50613.86
-92031,-247207.01
-2098,-3488.58
-28743,-75696.53
-93725,-251797.75
97756,267115.76
30945,86057.95
-95762,-257318.02
3443,11527.53
97228,265684.88
-80167,-215055.57
-56334,-150468.14
-45525,-121175.75
-90259,-242404.89
-94392,-253605.32
-68093,-182335.03
38080,105393.8
52700,145014.0
-12739,-32325.69
-11384,-28653.64
-70679,-189343.09
15193,43370.03
27646,77117.66
-17552,-45368.92
-58731,-156964.01
19437,54871.27
1662,6701.02
72621,198999.91
-51503,-137376.13
37994,105160.74
-1637,-2239.27
4104,13318.84
-13574,-34588.54
38075,105380.25
83224,227734.04
-28498,-75032.58
32794,91068.74
-91001,-244415.71
-99316,-266949.36
-7585,-18358.35
-67663,-181169.73
-89887,-241396.77
10253,29982.63
58452,160601.92
79059,216446.89
62067,170398.57
-47857,-127495.47
54870,150894.7
-74029,-198421.59
-86033,-230952.43
42972,118651.12
-17858,-46198.18
65428,179506.88
63381,173959.51
54960,151138.6
-78283,-209949.93
-17436,-45054.56
-63271,-169267.41
48151,132686.21
-51440,-137205.4
7997,23868.87
-2081,-3442.51
13612,39085.52
-16875,-43534.25
-92483,-248431.93
24302,68055.42
-1604,-2149.84
-31204,-82365.84
9589,28183.19
-14826,-37981.46
-13757,-35084.47
-99893,-268513.03
-83176,-223209.96
-13974,-35672.54
-88440,-237475.4
94205,257492.55
-6627,-15762.17
36396,100830.16
-59072,-157888.12
-51272,-136750.12
-97365,-261662.15
43078,118938.38
68018,186525.78
47669,131379.99
-98078,-263594.38
-98757,-265434.47
-74514,-199735.94
84355,230799.05
77867,213216.57
-74344,-199275.24
12285,35489.35
-31309,-82650.39
-6355,-15025.05
-26488,-69585.48
-24849,-65143.79
30044,83616.24
-45437,-120937.27
-33882,-89623.22
24399,68318.29
-98948,-265952.08
68520,187886.2
43691,120599.61
85500,233902.0
-83065,-222909.15
5414,16868.94
22834,64077.14
-78125,-209521.75
-98500,-264738.0
-17086,-44106.06
-29057,-76547.47
-3920,-8426.2
25195,70475.45
78211,214148.81
-91519,-245819.49
-75249,-201727.79
11337,32920.27
43279,119483.09
46358,127827.18
75945,208007.95
56918,156444.78
14201,40681.71
12396,35790.16
-63789,-170671.19
-65588,-175546.48
72911,199785.81
-81415,-218437.65
27366,76358.86
-99032,-266179.72
38433,106350.43
-519,790.51
-3899,-8369.29
77509,212246.39
21073,59304.83
63279,173683.09
35555,98551.05
-88407,-237385.97
14032,40223.72
-30153,-79517.63
14109,40432.39
17205,48822.55
16930,48077.3
32461,90166.31
-56158,-149991.18
-75418,-202185.78
63894,175349.74
58151,159786.21
3823,12557.33
75114,205755.94
-17920,-46366.2
-19472,-50572.12
48176,132753.96
-93428,-250992.88
-75029,-201131.59
46143,127244.53
95039,259752.69
-6618,-15737.78
70542,193365.82
-67896,-181801.16
91708,250725.68
82217,225005.07
-47387,-126221.77
-97306,-261502.26
-51231,-136639.01
-5299,-12163.29
82099,224685.29
44396,122510.16
-33087,-87468.77
450,3416.5
-47266,-125893.86
-41041,-109024.11
-61149,-163516.79
67647,185520.37
43509,120106.39
50933,140225.43
55497,152593.87
8471,25153.41
38540,106640.4
67908,186227.68
-64933,-173771.43
95208,260210.68
4336,13947.56
21728,61079.88
86720,237208.2
-55144,-147243.24
-86400,-231947.0
-97853,-262984.63
95684,261500.64
1897,7337.87
38822,107404.62
64717,177580.07
-74508,-199719.68
69192,189707.32
36065,99933.15
-18571,-48130.41
96203,262907.13
10918,31784.78
63351,173878.21
-11443,-28813.53
73951,202604.21
81986,224379.06
-86924,-233367.04
1563,6432.73
45082,124369.22
10458,30538.18
-81554,-218814.34
33226,92239.46
-11447,-28824.37
-42434,-112799.14
-40440,-107395.4
5652,17513.92
43090,118970.9
-47354,-126132.34
65880,180731.8
-12549,-31810.79
-95725,-257217.75
74340,203658.4
48091,132523.61
-37020,-98127.2
-40941,-108753.11
87142,238351.82
24767,69315.57
69019,189238.49
63903,175374.13
-4476,-9932.96
-74058,-198500.18
27718,77312.78
62387,171265.77
-99304,-266916.84
74340,203658.4
15380,43876.8
33348,92570.08
31609,87857.39
85487,233866.77
99423,271633.33
-47968,-127796.28
-32840,-86799.4
-6252,-14745.92
76079,208371.09
-69686,-186652.06
73468,201295.28
-36710,-97287.1
15666,44651.86
-58368,-155980.28
84649,231595.79
-81915,-219792.65
-80386,-215649.06
72912,199788.52
88748,242704.08
-27478,-72268.38
-91301,-245228.71
80495,220338.45
77562,212390.02
-48107,-128172.97
-42888,-114029.48
61257,168203.47
39728,109859.88
14460,41383.6
88770,242763.7
38489,106502.19
87675,239796.25
-70939,-190047.69
-64541,-172709.11
-75080,-201269.8
-87705,-235483.55
-70894,-189925.74
85633,234262.43
45670,125962.7
-37066,-98251.86
-98641,-265120.11
57099,156935.29
81218,222297.78
-72593,-194530.03
-5389,-12407.19
7813,23370.23
83972,229761.12
21123,59440.33
73112,200330.52
-73189,-196145.19
59045,162208.95
-9183,-22688.93
-38552,-102278.92
-89804,-241171.84
-45084,-119980.64
-31238,-82457.98
-33528,-88663.88
-84227,-226058.17
-71359,-191185.89
46819,129076.49
-35840,-94929.4
-5753,-13393.63
-83224,-223340.04
4050,13172.5
66517,182458.07
-87588,-235166.48
29541,82253.11
24164,67681.44
-45455,-120986.05
93722,256183.62
-89391,-240052.61
83138,227500.98
15922,45345.62
71635,196327.85
-61641,-164850.11
2858,9942.18
64943,178192.53
87417,239097.07
-69853,-187104.63
4583,14616.93
-16191,-41680.61
65047,178474.37
-86661,-232654.31
-79267,-212616.57
761,4259.31
-95598,-256873.58
-82794,-222174.74
-43562,-115856.02
-38446,-101991.66
37839,104740.69
-98072,-263578.12
67527,185195.17
-99242,-266748.82
38804,107355.84
16408,46662.68
11299,32817.29
-43087,-114568.77
-36007,-95381.97
-89246,-239659.66
64343,176566.53
59343,163016.53
79219,216880.49
-6678,-15900.38
84108,230129.68
-59911,-160161.81
-78179,-209668.09
61365,168496.15
-89146,-239388.66
15014,42884.94
28629,79781.59
84711,231763.81
-16299,-41973.29
59199,162626.29
17381,49299.51
-26594,-69872.74
-49316,-131449.36
-38336,-101693.56
-47616,-126842.36
29231,81413.01
-5364,-12339.44
58216,159962.36
-30254,-79791.34
12375,35733.25
-44269,-117771.99
36463,101011.73
53014,145864.94
99796,272644.16
-54650,-145904.5
-66061,-176828.31
35738,99046.98
67405,184864.55
-5365,-12342.15
24492,68570.32
-3356,-6897.76
